-- phpMyAdmin SQL Dump
-- version 5.1.1
-- https://www.phpmyadmin.net/
--
-- Host: 127.0.0.1:3306
-- Generation Time: Mar 08, 2023 at 06:39 PM
-- Server version: 10.5.12-MariaDB-cll-lve
-- PHP Version: 7.2.34

SET SQL_MODE = "NO_AUTO_VALUE_ON_ZERO";
START TRANSACTION;
SET time_zone = "+00:00";


/*!40101 SET @OLD_CHARACTER_SET_CLIENT=@@CHARACTER_SET_CLIENT */;
/*!40101 SET @OLD_CHARACTER_SET_RESULTS=@@CHARACTER_SET_RESULTS */;
/*!40101 SET @OLD_COLLATION_CONNECTION=@@COLLATION_CONNECTION */;
/*!40101 SET NAMES utf8mb4 */;

--
-- Database: `u284235417_kundo`
--

-- --------------------------------------------------------

--
-- Table structure for table `areas`
--

CREATE TABLE `areas` (
  `id` bigint(20) UNSIGNED NOT NULL,
  `name` varchar(255) COLLATE utf8mb4_unicode_ci NOT NULL,
  `created_at` timestamp NULL DEFAULT NULL,
  `updated_at` timestamp NULL DEFAULT NULL
) ENGINE=InnoDB DEFAULT CHARSET=utf8mb4 COLLATE=utf8mb4_unicode_ci;

--
-- Dumping data for table `areas`
--

INSERT INTO `areas` (`id`, `name`, `created_at`, `updated_at`) VALUES
(1, 'MKOA', '2023-01-27 09:58:02', '2023-01-27 09:58:02'),
(2, 'WILAYA', '2023-01-27 09:58:02', '2023-01-27 09:58:02'),
(3, 'ALMASHAURI', '2023-01-27 09:58:02', '2023-01-27 09:58:02'),
(4, 'JIMBO', '2023-01-27 09:58:02', '2023-01-27 09:58:02'),
(5, 'TARAFA', '2023-01-27 09:58:02', '2023-01-27 09:58:02'),
(6, 'KATA', '2023-01-27 09:58:02', '2023-01-27 09:58:02'),
(7, 'TAWI', '2023-01-27 09:58:02', '2023-01-27 09:58:02');

-- --------------------------------------------------------

--
-- Table structure for table `assets`
--

CREATE TABLE `assets` (
  `id` bigint(20) UNSIGNED NOT NULL,
  `url` varchar(255) COLLATE utf8mb4_unicode_ci NOT NULL,
  `type` varchar(255) COLLATE utf8mb4_unicode_ci NOT NULL,
  `challenge_id` bigint(20) UNSIGNED NOT NULL,
  `user_id` bigint(20) UNSIGNED NOT NULL,
  `created_at` timestamp NULL DEFAULT NULL,
  `updated_at` timestamp NULL DEFAULT NULL
) ENGINE=InnoDB DEFAULT CHARSET=utf8mb4 COLLATE=utf8mb4_unicode_ci;

-- --------------------------------------------------------

--
-- Table structure for table `branches`
--

CREATE TABLE `branches` (
  `id` bigint(20) UNSIGNED NOT NULL,
  `name` varchar(255) COLLATE utf8mb4_unicode_ci NOT NULL,
  `ward_id` bigint(20) UNSIGNED NOT NULL,
  `created_at` timestamp NULL DEFAULT NULL,
  `updated_at` timestamp NULL DEFAULT NULL
) ENGINE=InnoDB DEFAULT CHARSET=utf8mb4 COLLATE=utf8mb4_unicode_ci;

--
-- Dumping data for table `branches`
--

INSERT INTO `branches` (`id`, `name`, `ward_id`, `created_at`, `updated_at`) VALUES
(1, 'Kidinda', 2, '2023-01-27 11:44:06', '2023-01-27 11:44:06'),
(2, 'Buzunza', 2, '2023-01-27 11:50:43', '2023-01-27 11:50:43'),
(3, 'Bariadi', 2, '2023-01-27 11:55:58', '2023-01-27 11:55:58'),
(4, 'malambo', 1, '2023-01-27 14:54:23', '2023-01-27 14:54:23'),
(5, 'gitoya', 1, '2023-01-27 14:56:57', '2023-01-27 14:56:57'),
(6, 'voda', 1, '2023-01-27 14:58:54', '2023-01-27 14:58:54'),
(7, 'ngashanda', 1, '2023-01-27 15:06:49', '2023-01-27 15:06:49'),
(8, 'Nyangokolwa', 3, '2023-01-27 15:12:59', '2023-01-27 15:12:59'),
(9, 'Ng\'wang\'wali', 3, '2023-01-27 15:13:13', '2023-01-27 15:13:13'),
(10, 'Mwakilalo', 3, '2023-01-27 15:13:21', '2023-01-27 15:13:21'),
(11, 'Bipyai', 3, '2023-01-27 15:13:29', '2023-01-27 15:13:29'),
(12, 'Mwagululi', 3, '2023-01-27 15:13:39', '2023-01-27 15:13:39'),
(13, 'Matale', 3, '2023-01-27 15:13:47', '2023-01-27 15:13:47'),
(14, 'Bunamhala', 4, '2023-01-27 15:15:46', '2023-01-27 15:15:46'),
(15, 'Kidalimanda', 4, '2023-01-27 15:15:55', '2023-01-27 15:15:55'),
(16, 'Imalilo', 4, '2023-01-27 15:16:09', '2023-01-27 15:16:09'),
(17, 'Mahaha', 4, '2023-01-27 15:16:17', '2023-01-27 15:16:17'),
(18, 'Giriku', 4, '2023-01-27 15:16:29', '2023-01-27 15:16:29'),
(19, 'Kilulu', 4, '2023-01-27 15:16:37', '2023-01-27 15:16:37'),
(20, 'Nyakabindi', 5, '2023-01-27 15:19:01', '2023-01-27 15:19:01'),
(21, 'Gagabali', 5, '2023-01-27 15:19:10', '2023-01-27 15:19:10'),
(22, 'Oldmaswa', 5, '2023-01-27 15:19:19', '2023-01-27 15:19:19'),
(23, 'Wala', 5, '2023-01-27 15:19:31', '2023-01-27 15:19:31'),
(24, 'Bupandagila', 5, '2023-01-27 15:19:40', '2023-01-27 15:19:40'),
(25, 'Mwakibuga', 5, '2023-01-27 15:19:49', '2023-01-27 15:19:49'),
(26, 'Guduwi', 6, '2023-01-27 15:21:25', '2023-01-27 15:21:25'),
(27, 'Nkuli', 6, '2023-01-27 15:21:37', '2023-01-27 15:21:37'),
(28, 'Mbugani', 6, '2023-01-27 15:21:46', '2023-01-27 15:21:46'),
(29, 'Ditima', 6, '2023-01-27 15:22:00', '2023-01-27 15:22:00'),
(30, 'Yeya', 6, '2023-01-27 15:22:26', '2023-01-27 15:22:26'),
(31, 'Isanga', 7, '2023-01-27 15:23:20', '2023-01-27 15:23:20'),
(32, 'Katenga', 7, '2023-01-27 15:23:30', '2023-01-27 15:23:30'),
(33, 'Wala', 7, '2023-01-27 15:23:49', '2023-01-27 15:23:49'),
(34, 'Bundilya Majahida', 7, '2023-01-27 15:24:00', '2023-01-27 15:24:00'),
(35, 'Somanda', 8, '2023-01-27 15:26:12', '2023-01-27 15:26:12'),
(36, 'Nyaumatta', 8, '2023-01-27 15:26:23', '2023-01-27 15:26:23'),
(37, 'Yoma', 8, '2023-01-27 15:27:03', '2023-01-27 15:27:03'),
(38, 'Sanungu', 8, '2023-01-27 15:27:15', '2023-01-27 15:27:15'),
(39, 'Izunya', 8, '2023-01-27 15:27:26', '2023-01-27 15:27:26'),
(40, 'Sima', 9, '2023-01-27 15:29:08', '2023-01-27 15:29:08'),
(41, 'Soko kuu', 9, '2023-01-27 15:29:18', '2023-01-27 15:29:18'),
(42, 'Butiama', 9, '2023-01-27 15:30:12', '2023-01-27 15:30:12'),
(43, 'Igaganulwa', 10, '2023-01-27 21:15:45', '2023-01-27 21:15:45'),
(44, 'Sengerema', 10, '2023-01-27 21:16:22', '2023-01-27 21:16:22'),
(45, 'Mwamondi', 10, '2023-01-27 21:17:01', '2023-01-27 21:17:01'),
(46, 'Mwamabu', 10, '2023-01-27 21:17:23', '2023-01-27 21:17:23'),
(47, 'Isenge', 10, '2023-01-27 21:17:37', '2023-01-27 21:17:37'),
(48, 'Masewa', 11, '2023-01-27 21:18:39', '2023-01-27 21:18:39'),
(49, 'Igabanhelo', 11, '2023-01-27 21:19:00', '2023-01-27 21:19:00'),
(50, 'Senta', 11, '2023-01-27 21:19:13', '2023-01-27 21:19:13'),
(51, 'Ikinabushu', 12, '2023-01-27 21:20:18', '2023-01-27 21:20:18'),
(52, 'Gilya', 12, '2023-01-27 21:20:53', '2023-01-27 21:20:53'),
(53, 'Mwauchumu', 12, '2023-01-27 21:21:18', '2023-01-27 21:21:18'),
(54, 'Nyawa', 12, '2023-01-27 21:21:37', '2023-01-27 21:21:37'),
(55, 'Isuyu', 12, '2023-01-27 21:22:06', '2023-01-27 21:22:06'),
(56, 'Ikungulyabashashi', 13, '2023-01-27 21:23:23', '2023-01-27 21:23:23'),
(57, 'Mkuyuni', 13, '2023-01-27 21:23:35', '2023-01-27 21:23:35'),
(58, 'Mwaharaja', 13, '2023-01-27 21:23:48', '2023-01-27 21:23:48'),
(59, 'Lulayu', 13, '2023-01-27 21:24:07', '2023-01-27 21:24:07'),
(60, 'Sapiwi', 14, '2023-01-27 21:26:18', '2023-01-27 21:26:18'),
(61, 'Mwandama', 14, '2023-01-27 21:26:40', '2023-01-27 21:26:40'),
(62, 'Nyamikoma', 14, '2023-01-27 21:26:56', '2023-01-27 21:26:56'),
(63, 'Igegu', 14, '2023-01-27 21:27:07', '2023-01-27 21:27:07'),
(64, 'Igegu Magharibi', 14, '2023-01-27 21:27:28', '2023-01-27 21:27:28'),
(65, 'Matongo', 15, '2023-01-27 21:28:45', '2023-01-27 21:28:45'),
(66, 'Salaliya', 15, '2023-01-27 21:29:02', '2023-01-27 21:29:02'),
(67, 'Mwantimba', 15, '2023-01-27 21:29:15', '2023-01-27 21:29:15'),
(68, 'Ngh\'arita', 15, '2023-01-27 21:29:57', '2023-01-27 21:29:57'),
(69, 'Nkololo', 16, '2023-01-27 21:31:44', '2023-01-27 21:31:44'),
(70, 'Bubale', 16, '2023-01-27 21:31:56', '2023-01-27 21:31:56'),
(71, 'Mwabadimu', 16, '2023-01-27 21:32:12', '2023-01-27 21:32:12'),
(72, 'Chungu', 16, '2023-01-27 21:32:33', '2023-01-27 21:32:33'),
(73, 'Mwamoto', 16, '2023-01-27 21:32:48', '2023-01-27 21:32:48'),
(74, 'Mwaumatondo', 17, '2023-01-27 21:34:15', '2023-01-27 21:34:15'),
(75, 'Mwasinasi', 17, '2023-01-27 21:34:29', '2023-01-27 21:34:29'),
(76, 'Mwabalizi', 17, '2023-01-27 21:34:43', '2023-01-27 21:34:43'),
(77, 'Ihusi', 18, '2023-01-27 21:36:05', '2023-01-27 21:36:05'),
(78, 'Mwamalula', 18, '2023-01-27 21:36:18', '2023-01-27 21:36:18'),
(79, 'Mwashagata', 18, '2023-01-27 21:36:29', '2023-01-27 21:36:29'),
(80, 'Mwasilimbi', 18, '2023-01-27 21:36:42', '2023-01-27 21:36:42'),
(81, 'Gibishi', 19, '2023-01-27 21:37:34', '2023-01-27 21:37:34'),
(82, 'Chungu', 19, '2023-01-27 21:38:01', '2023-01-27 21:38:01'),
(83, 'Ihula', 19, '2023-01-27 21:38:11', '2023-01-27 21:38:11'),
(84, 'Mwabasabi', 19, '2023-01-27 21:38:20', '2023-01-27 21:38:20'),
(85, 'Nkindwabiye', 20, '2023-01-27 21:39:07', '2023-01-27 21:39:07'),
(86, 'Dami Damien', 20, '2023-01-27 21:39:29', '2023-01-27 21:39:29'),
(87, 'Halawa', 20, '2023-01-27 21:39:39', '2023-01-27 21:39:39'),
(88, 'Songambele', 20, '2023-01-27 21:39:48', '2023-01-27 21:39:48'),
(89, 'Gasuma', 21, '2023-01-28 07:21:34', '2023-01-28 07:21:34'),
(90, 'Bulumbaka', 21, '2023-01-28 07:21:46', '2023-01-28 07:21:46'),
(91, 'Mwaubingi', 21, '2023-01-28 07:21:55', '2023-01-28 07:21:55'),
(92, 'Banemhi', 22, '2023-01-28 07:22:51', '2023-01-28 07:22:51'),
(93, 'Kilabela', 22, '2023-01-28 07:23:07', '2023-01-28 07:23:07'),
(94, 'Mwaunkwaya', 22, '2023-01-28 07:23:18', '2023-01-28 07:23:18'),
(95, 'Nsanzaguma', 22, '2023-01-28 07:23:28', '2023-01-28 07:23:28'),
(96, 'v)Mbugani', 22, '2023-01-28 07:23:43', '2023-01-28 07:23:43'),
(97, 'Mwadobana', 23, '2023-01-28 07:25:41', '2023-01-28 07:25:41'),
(98, 'Byuna', 23, '2023-01-28 07:25:51', '2023-01-28 07:25:51'),
(99, 'Ikungulyandili', 23, '2023-01-28 07:26:01', '2023-01-28 07:26:01'),
(100, 'Mwabuluda', 23, '2023-01-28 07:26:11', '2023-01-28 07:26:11'),
(101, 'Ngulyati', 24, '2023-01-28 07:28:36', '2023-01-28 07:28:36'),
(102, 'Nyasosi', 24, '2023-01-28 07:28:45', '2023-01-28 07:28:45'),
(103, 'Nyanguge', 24, '2023-01-28 07:28:55', '2023-01-28 07:28:55'),
(104, 'Ngala', 24, '2023-01-28 07:29:04', '2023-01-28 07:29:04'),
(105, 'Kilalo', 25, '2023-01-28 07:29:54', '2023-01-28 07:29:54'),
(106, 'Ikungulyambeshi A', 25, '2023-01-28 07:30:10', '2023-01-28 07:30:10'),
(107, 'Ikungulyambeshi B', 25, '2023-01-28 07:30:23', '2023-01-28 07:30:23'),
(108, 'Nyamisagusa', 25, '2023-01-28 07:31:11', '2023-01-28 07:31:11'),
(109, 'Kilalo Mashariki', 25, '2023-01-28 07:31:32', '2023-01-28 07:31:32'),
(110, 'Sakwe', 26, '2023-01-28 07:32:20', '2023-01-28 07:32:20'),
(111, 'Ibulyu', 26, '2023-01-28 07:32:29', '2023-01-28 07:32:29'),
(112, 'Ng\'wangimu', 26, '2023-01-28 07:32:58', '2023-01-28 07:32:58'),
(113, 'Kasoli', 27, '2023-01-28 07:33:41', '2023-01-28 07:33:41'),
(114, 'Busese', 27, '2023-01-28 07:33:50', '2023-01-28 07:33:50'),
(115, 'Nduha', 27, '2023-01-28 07:33:58', '2023-01-28 07:33:58'),
(116, 'Mwamlapa', 27, '2023-01-28 07:34:07', '2023-01-28 07:34:07'),
(117, 'Mwasubuya', 28, '2023-01-28 07:35:39', '2023-01-28 07:35:39'),
(118, 'Isengwa', 28, '2023-01-28 07:35:47', '2023-01-28 07:35:47'),
(119, 'Igabulilo', 28, '2023-01-28 07:35:56', '2023-01-28 07:35:56'),
(120, 'Miswaki', 28, '2023-01-28 07:36:09', '2023-01-28 07:36:09'),
(121, 'Gambosi', 29, '2023-01-28 07:36:39', '2023-01-28 07:36:39'),
(122, 'Nyamswa', 29, '2023-01-28 07:36:52', '2023-01-28 07:36:52'),
(123, 'Itubukilo', 30, '2023-01-28 07:37:13', '2023-01-28 07:37:13'),
(124, 'Mwambalange', 30, '2023-01-28 07:37:21', '2023-01-28 07:37:21'),
(125, 'Kihalahala', 30, '2023-01-28 07:37:29', '2023-01-28 07:37:29'),
(126, 'Mwanzoya', 30, '2023-01-28 07:37:38', '2023-01-28 07:37:38'),
(127, 'Pugu', 30, '2023-01-28 07:37:47', '2023-01-28 07:37:47'),
(128, 'Mhango', 31, '2023-01-28 07:38:33', '2023-01-28 07:38:33'),
(129, 'Mbiti', 31, '2023-01-28 07:38:42', '2023-01-28 07:38:42'),
(130, 'Isanga', 31, '2023-01-28 07:38:51', '2023-01-28 07:38:51'),
(131, 'Ngogote', 31, '2023-01-28 07:38:59', '2023-01-28 07:38:59'),
(132, 'Shimbale', 31, '2023-01-28 07:39:08', '2023-01-28 07:39:08');

-- --------------------------------------------------------

--
-- Table structure for table `branch_leader`
--

CREATE TABLE `branch_leader` (
  `id` bigint(20) UNSIGNED NOT NULL,
  `leader_id` bigint(20) UNSIGNED NOT NULL,
  `branch_id` bigint(20) UNSIGNED NOT NULL,
  `isActive` tinyint(1) NOT NULL DEFAULT 0,
  `post_id` varchar(255) COLLATE utf8mb4_unicode_ci NOT NULL,
  `created_at` timestamp NULL DEFAULT NULL,
  `updated_at` timestamp NULL DEFAULT NULL
) ENGINE=InnoDB DEFAULT CHARSET=utf8mb4 COLLATE=utf8mb4_unicode_ci;

--
-- Dumping data for table `branch_leader`
--

INSERT INTO `branch_leader` (`id`, `leader_id`, `branch_id`, `isActive`, `post_id`, `created_at`, `updated_at`) VALUES
(1, 23, 1, 1, '1', '2023-01-27 11:45:01', NULL),
(2, 24, 1, 1, '2', '2023-01-27 11:45:45', NULL),
(3, 25, 1, 1, '3', '2023-01-27 11:47:24', NULL),
(4, 26, 1, 1, '4', '2023-01-27 11:48:19', NULL),
(5, 27, 2, 1, '1', '2023-01-27 11:53:01', NULL),
(6, 28, 2, 1, '2', '2023-01-27 11:53:28', NULL),
(7, 29, 2, 1, '3', '2023-01-27 11:54:35', NULL),
(8, 30, 2, 1, '4', '2023-01-27 11:55:25', NULL),
(9, 31, 3, 1, '1', '2023-01-27 11:56:45', NULL),
(10, 32, 3, 1, '2', '2023-01-27 11:57:27', NULL),
(11, 33, 3, 1, '3', '2023-01-27 11:58:06', NULL),
(12, 35, 3, 1, '4', '2023-01-27 13:56:08', NULL),
(13, 38, 4, 1, '1', '2023-01-27 14:55:07', NULL),
(14, 39, 4, 1, '3', '2023-01-27 14:55:41', NULL),
(15, 40, 4, 1, '4', '2023-01-27 14:56:27', NULL),
(16, 41, 5, 1, '1', '2023-01-27 14:57:35', NULL),
(17, 42, 5, 1, '3', '2023-01-27 14:58:01', NULL),
(18, 43, 5, 1, '4', '2023-01-27 14:58:32', NULL),
(19, 44, 6, 1, '1', '2023-01-27 15:03:19', NULL),
(20, 45, 6, 1, '2', '2023-01-27 15:04:33', NULL),
(21, 46, 6, 1, '3', '2023-01-27 15:05:18', NULL),
(22, 47, 6, 1, '4', '2023-01-27 15:06:16', NULL),
(23, 48, 7, 1, '1', '2023-01-27 15:07:18', NULL),
(24, 49, 7, 1, '2', '2023-01-27 15:07:48', NULL),
(25, 50, 7, 1, '3', '2023-01-27 15:08:19', NULL),
(26, 51, 7, 1, '4', '2023-01-27 15:10:23', NULL),
(27, 69, 70, 1, '1', '2023-01-28 11:22:01', NULL),
(28, 70, 70, 1, '2', '2023-01-28 11:22:25', NULL),
(29, 71, 70, 1, '3', '2023-01-28 11:22:55', NULL),
(30, 72, 70, 1, '4', '2023-01-28 11:23:23', NULL),
(31, 73, 72, 1, '1', '2023-01-28 11:23:55', NULL),
(32, 74, 72, 1, '2', '2023-01-28 11:24:21', NULL),
(33, 77, 72, 1, '3', '2023-01-28 11:26:35', NULL),
(34, 79, 72, 1, '4', '2023-01-28 11:28:19', NULL),
(35, 81, 69, 1, '1', '2023-01-28 11:29:17', NULL),
(36, 82, 69, 1, '2', '2023-01-28 11:29:55', NULL),
(37, 84, 69, 1, '3', '2023-01-28 11:30:42', NULL),
(38, 86, 69, 1, '4', '2023-01-28 11:32:39', NULL),
(39, 88, 71, 1, '1', '2023-01-28 11:33:25', NULL),
(40, 90, 71, 1, '2', '2023-01-28 11:33:46', NULL),
(41, 91, 71, 1, '3', '2023-01-28 11:34:19', NULL),
(42, 93, 71, 1, '4', '2023-01-28 11:35:13', NULL),
(43, 94, 98, 1, '1', '2023-01-28 11:35:53', NULL),
(44, 95, 98, 1, '2', '2023-01-28 11:36:55', NULL),
(45, 96, 98, 1, '3', '2023-01-28 11:37:45', NULL),
(46, 97, 98, 1, '4', '2023-01-28 11:38:19', NULL),
(47, 98, 100, 1, '1', '2023-01-28 11:41:31', NULL),
(48, 99, 100, 1, '2', '2023-01-28 11:42:36', NULL),
(49, 100, 100, 1, '3', '2023-01-28 11:44:25', NULL),
(50, 101, 100, 1, '4', '2023-01-28 11:45:59', NULL),
(51, 103, 99, 1, '1', '2023-01-28 11:47:12', NULL),
(52, 104, 99, 1, '2', '2023-01-28 11:47:42', NULL),
(53, 105, 99, 1, '3', '2023-01-28 11:48:31', NULL),
(54, 107, 99, 1, '4', '2023-01-28 11:49:10', NULL),
(55, 110, 97, 1, '1', '2023-01-28 11:51:08', NULL),
(56, 111, 97, 1, '2', '2023-01-28 11:51:39', NULL),
(57, 113, 97, 1, '3', '2023-01-28 11:52:23', NULL),
(58, 115, 97, 1, '4', '2023-01-28 11:53:07', NULL),
(59, 144, 79, 1, '1', '2023-01-28 12:15:15', NULL),
(60, 145, 79, 1, '2', '2023-01-28 12:15:38', NULL),
(61, 146, 79, 1, '3', '2023-01-28 12:16:06', NULL),
(62, 147, 75, 1, '1', '2023-01-28 12:16:26', NULL),
(63, 148, 75, 1, '2', '2023-01-28 12:17:26', NULL),
(64, 149, 75, 1, '3', '2023-01-28 12:18:31', NULL),
(65, 150, 79, 1, '4', '2023-01-28 12:18:40', NULL),
(66, 151, 75, 1, '4', '2023-01-28 12:19:23', NULL),
(67, 152, 80, 1, '1', '2023-01-28 12:19:40', NULL),
(68, 153, 80, 1, '3', '2023-01-28 12:20:58', NULL),
(69, 154, 76, 1, '1', '2023-01-28 12:21:16', NULL),
(70, 155, 76, 1, '2', '2023-01-28 12:21:53', NULL),
(71, 156, 76, 1, '3', '2023-01-28 12:22:36', NULL),
(72, 157, 80, 1, '4', '2023-01-28 12:22:42', NULL),
(73, 158, 76, 1, '4', '2023-01-28 12:23:15', NULL),
(74, 159, 77, 1, '1', '2023-01-28 12:23:27', NULL),
(75, 160, 77, 1, '2', '2023-01-28 12:23:56', NULL),
(76, 161, 77, 1, '3', '2023-01-28 12:24:23', NULL),
(77, 162, 74, 1, '1', '2023-01-28 12:24:46', NULL),
(78, 163, 74, 1, '2', '2023-01-28 12:25:28', NULL),
(79, 164, 77, 1, '4', '2023-01-28 12:25:52', NULL),
(80, 165, 74, 1, '3', '2023-01-28 12:26:25', NULL),
(81, 166, 78, 1, '1', '2023-01-28 12:26:59', NULL),
(82, 167, 74, 1, '4', '2023-01-28 12:27:16', NULL),
(83, 168, 78, 1, '2', '2023-01-28 12:27:30', NULL),
(84, 169, 78, 1, '3', '2023-01-28 12:29:18', NULL),
(85, 171, 78, 1, '4', '2023-01-28 12:29:45', NULL),
(86, 183, 85, 1, '1', '2023-01-28 12:54:02', NULL),
(87, 184, 85, 1, '2', '2023-01-28 12:55:16', NULL),
(88, 185, 85, 1, '3', '2023-01-28 12:56:27', NULL),
(89, 186, 85, 1, '4', '2023-01-28 12:57:15', NULL),
(90, 187, 86, 1, '1', '2023-01-28 12:58:29', NULL),
(91, 188, 86, 1, '2', '2023-01-28 12:59:48', NULL),
(92, 189, 86, 1, '3', '2023-01-28 13:35:49', NULL),
(93, 190, 86, 1, '4', '2023-01-28 13:37:12', NULL),
(94, 191, 88, 1, '1', '2023-01-28 13:38:06', NULL),
(95, 192, 88, 1, '2', '2023-01-28 13:38:47', NULL),
(96, 193, 88, 1, '3', '2023-01-28 13:40:01', NULL),
(97, 194, 88, 1, '4', '2023-01-28 13:40:38', NULL),
(98, 195, 87, 1, '1', '2023-01-28 13:41:42', NULL),
(99, 196, 87, 1, '2', '2023-01-28 13:42:58', NULL),
(100, 197, 87, 1, '3', '2023-01-28 13:43:40', NULL),
(101, 198, 87, 1, '4', '2023-01-28 13:44:15', NULL),
(102, 234, 128, 1, '2', '2023-01-28 14:48:35', NULL),
(103, 236, 128, 1, '3', '2023-01-28 14:50:44', NULL),
(104, 237, 128, 1, '4', '2023-01-28 14:52:03', NULL),
(105, 238, 131, 1, '1', '2023-01-28 14:54:18', NULL),
(106, 239, 131, 1, '2', '2023-01-28 14:54:52', NULL),
(107, 240, 102, 1, '1', '2023-01-28 14:55:00', NULL),
(108, 241, 102, 1, '2', '2023-01-28 14:55:28', NULL),
(109, 242, 131, 1, '3', '2023-01-28 14:55:31', NULL),
(110, 244, 102, 1, '3', '2023-01-28 14:55:57', NULL),
(111, 245, 131, 1, '4', '2023-01-28 14:56:01', NULL),
(112, 246, 102, 1, '4', '2023-01-28 14:56:32', NULL),
(113, 248, 130, 1, '1', '2023-01-28 14:57:04', NULL),
(114, 249, 104, 1, '1', '2023-01-28 14:57:17', NULL),
(115, 250, 130, 1, '2', '2023-01-28 14:57:37', NULL),
(116, 251, 104, 1, '2', '2023-01-28 14:57:42', NULL),
(117, 252, 130, 1, '3', '2023-01-28 14:58:05', NULL),
(118, 253, 104, 1, '3', '2023-01-28 14:58:12', NULL),
(119, 254, 104, 1, '4', '2023-01-28 14:58:41', NULL),
(120, 255, 130, 1, '4', '2023-01-28 14:58:41', NULL),
(121, 257, 101, 1, '1', '2023-01-28 14:59:16', NULL),
(122, 259, 132, 1, '1', '2023-01-28 14:59:23', NULL),
(123, 260, 132, 1, '2', '2023-01-28 14:59:53', NULL),
(124, 261, 101, 1, '2', '2023-01-28 15:00:04', NULL),
(125, 262, 132, 1, '3', '2023-01-28 15:00:29', NULL),
(126, 263, 132, 1, '4', '2023-01-28 15:01:39', NULL),
(127, 264, 101, 1, '3', '2023-01-28 15:01:41', NULL),
(128, 265, 101, 1, '4', '2023-01-28 15:02:03', NULL),
(129, 266, 103, 1, '1', '2023-01-28 15:02:45', NULL),
(130, 267, 129, 1, '1', '2023-01-28 15:02:54', NULL),
(131, 268, 103, 1, '2', '2023-01-28 15:03:26', NULL),
(132, 269, 129, 1, '2', '2023-01-28 15:03:32', NULL),
(133, 270, 129, 1, '3', '2023-01-28 15:03:56', NULL),
(134, 271, 129, 1, '4', '2023-01-28 15:04:36', NULL),
(135, 277, 103, 1, '4', '2023-01-28 15:07:39', NULL),
(136, 285, 103, 1, '3', '2023-01-28 15:10:49', NULL),
(137, 292, 111, 1, '1', '2023-01-28 15:13:16', NULL),
(138, 293, 111, 1, '2', '2023-01-28 15:13:41', NULL),
(139, 295, 111, 1, '3', '2023-01-28 15:14:20', NULL),
(140, 298, 111, 1, '4', '2023-01-28 15:15:00', NULL),
(141, 306, 112, 1, '1', '2023-01-28 15:20:38', NULL),
(142, 307, 112, 1, '3', '2023-01-28 15:30:05', NULL),
(143, 308, 112, 1, '4', '2023-01-28 15:31:18', NULL),
(144, 309, 110, 1, '2', '2023-01-28 15:33:13', NULL),
(145, 310, 110, 1, '3', '2023-01-28 15:34:02', NULL),
(146, 325, 113, 1, '1', '2023-01-28 15:49:41', NULL),
(147, 328, 113, 1, '2', '2023-01-28 15:51:13', NULL),
(148, 330, 113, 1, '3', '2023-01-28 15:51:38', NULL),
(149, 334, 113, 1, '4', '2023-01-28 16:33:17', NULL),
(150, 339, 114, 1, '1', '2023-01-28 16:43:41', NULL),
(151, 340, 114, 1, '2', '2023-01-28 16:44:20', NULL),
(152, 341, 114, 1, '3', '2023-01-28 16:44:49', NULL),
(153, 342, 114, 1, '4', '2023-01-28 16:45:28', NULL),
(154, 343, 115, 1, '1', '2023-01-28 16:46:41', NULL),
(155, 344, 115, 1, '3', '2023-01-28 16:47:23', NULL),
(156, 345, 115, 1, '4', '2023-01-28 16:48:07', NULL),
(157, 346, 115, 1, '2', '2023-01-28 16:49:10', NULL),
(158, 357, 123, 1, '1', '2023-01-28 17:12:51', NULL),
(159, 358, 123, 1, '2', '2023-01-28 17:13:25', NULL),
(160, 359, 123, 1, '3', '2023-01-28 17:13:56', NULL),
(161, 360, 123, 1, '4', '2023-01-28 17:14:25', NULL),
(162, 361, 124, 1, '1', '2023-01-28 17:15:07', NULL),
(163, 362, 124, 1, '2', '2023-01-28 17:15:34', NULL),
(164, 363, 124, 1, '3', '2023-01-28 17:15:57', NULL),
(165, 364, 124, 1, '4', '2023-01-28 17:16:46', NULL),
(166, 365, 127, 1, '1', '2023-01-28 17:17:25', NULL),
(167, 366, 127, 1, '2', '2023-01-28 17:18:04', NULL),
(168, 367, 127, 1, '3', '2023-01-28 17:18:32', NULL),
(169, 368, 127, 1, '4', '2023-01-28 17:19:36', NULL),
(170, 369, 126, 1, '1', '2023-01-28 17:20:39', NULL),
(171, 370, 126, 1, '2', '2023-01-28 17:21:12', NULL),
(172, 371, 126, 1, '4', '2023-01-28 17:22:30', NULL),
(173, 372, 126, 1, '3', '2023-01-28 17:23:07', NULL),
(174, 373, 125, 1, '1', '2023-01-28 17:23:47', NULL),
(175, 374, 125, 1, '2', '2023-01-28 17:24:54', NULL),
(176, 375, 125, 1, '3', '2023-01-28 17:25:59', NULL),
(177, 376, 125, 1, '4', '2023-01-28 17:26:32', NULL),
(178, 390, 96, 1, '1', '2023-01-28 18:21:36', NULL),
(179, 391, 96, 1, '2', '2023-01-28 18:22:16', NULL),
(180, 392, 96, 1, '3', '2023-01-28 18:22:50', NULL),
(181, 393, 96, 1, '4', '2023-01-28 18:23:27', NULL),
(182, 394, 92, 1, '1', '2023-01-28 18:24:15', NULL),
(183, 395, 92, 1, '2', '2023-01-28 18:24:43', NULL),
(184, 396, 92, 1, '3', '2023-01-28 18:25:14', NULL),
(185, 397, 92, 1, '4', '2023-01-28 18:25:47', NULL),
(186, 398, 95, 1, '1', '2023-01-28 18:26:35', NULL),
(187, 399, 95, 1, '2', '2023-01-28 18:27:07', NULL),
(188, 400, 95, 1, '3', '2023-01-28 18:27:48', NULL),
(189, 401, 95, 1, '4', '2023-01-28 18:28:25', NULL),
(190, 402, 94, 1, '1', '2023-01-28 18:29:40', NULL),
(191, 403, 94, 1, '2', '2023-01-28 18:30:08', NULL),
(192, 404, 94, 1, '3', '2023-01-28 18:30:51', NULL),
(193, 405, 94, 1, '4', '2023-01-28 18:31:18', NULL),
(194, 406, 93, 1, '1', '2023-01-28 18:32:15', NULL),
(195, 407, 93, 1, '2', '2023-01-28 18:32:51', NULL),
(196, 408, 93, 1, '3', '2023-01-28 18:34:23', NULL),
(197, 409, 93, 1, '4', '2023-01-28 18:35:48', NULL),
(198, 422, 20, 1, '1', '2023-01-29 15:51:41', NULL),
(199, 423, 20, 1, '2', '2023-01-29 15:52:16', NULL),
(200, 424, 20, 1, '3', '2023-01-29 15:52:50', NULL),
(201, 425, 20, 1, '4', '2023-01-29 15:53:25', NULL),
(202, 426, 24, 1, '1', '2023-01-29 15:54:20', NULL),
(203, 427, 24, 1, '2', '2023-01-29 15:54:44', NULL),
(204, 428, 24, 1, '3', '2023-01-29 15:55:20', NULL),
(205, 429, 24, 1, '4', '2023-01-29 15:55:53', NULL),
(206, 430, 23, 1, '1', '2023-01-29 15:56:41', NULL),
(207, 431, 23, 1, '2', '2023-01-29 15:57:10', NULL),
(208, 432, 23, 1, '3', '2023-01-29 15:57:38', NULL),
(209, 433, 23, 1, '4', '2023-01-29 15:58:07', NULL),
(210, 434, 25, 1, '1', '2023-01-29 16:00:08', NULL),
(211, 435, 25, 1, '2', '2023-01-29 16:00:36', NULL),
(212, 436, 25, 1, '3', '2023-01-29 16:01:06', NULL),
(213, 437, 21, 1, '1', '2023-01-29 16:01:57', NULL),
(214, 438, 21, 1, '2', '2023-01-29 16:02:25', NULL),
(215, 439, 21, 1, '3', '2023-01-29 16:02:54', NULL),
(216, 440, 21, 1, '4', '2023-01-29 16:03:34', NULL),
(217, 441, 22, 1, '1', '2023-01-29 16:06:20', NULL),
(218, 442, 22, 1, '2', '2023-01-29 16:07:01', NULL),
(219, 443, 22, 1, '3', '2023-01-29 16:08:04', NULL),
(220, 444, 22, 1, '4', '2023-01-29 16:09:12', NULL),
(221, 445, 25, 1, '4', '2023-01-29 16:12:21', NULL),
(222, 461, 55, 1, '1', '2023-01-30 11:33:08', NULL),
(223, 462, 55, 1, '2', '2023-01-30 11:33:37', NULL),
(224, 463, 55, 1, '3', '2023-01-30 11:33:55', NULL),
(225, 464, 55, 1, '4', '2023-01-30 11:34:13', NULL),
(226, 465, 51, 1, '1', '2023-01-30 11:34:43', NULL),
(227, 466, 51, 1, '2', '2023-01-30 11:35:03', NULL),
(228, 467, 51, 1, '3', '2023-01-30 11:35:24', NULL),
(229, 468, 51, 1, '4', '2023-01-30 11:35:53', NULL),
(230, 469, 52, 1, '1', '2023-01-30 11:36:51', NULL),
(231, 470, 52, 1, '2', '2023-01-30 11:37:21', NULL),
(232, 471, 52, 1, '3', '2023-01-30 11:37:41', NULL),
(233, 472, 52, 1, '4', '2023-01-30 11:38:01', NULL),
(234, 473, 54, 1, '1', '2023-01-30 11:38:33', NULL),
(235, 474, 54, 1, '2', '2023-01-30 11:38:56', NULL),
(236, 475, 54, 1, '3', '2023-01-30 11:39:18', NULL),
(237, 476, 54, 1, '4', '2023-01-30 11:39:37', NULL),
(238, 477, 53, 1, '1', '2023-01-30 11:40:05', NULL),
(239, 478, 53, 1, '2', '2023-01-30 11:40:24', NULL),
(240, 479, 53, 1, '3', '2023-01-30 11:40:45', NULL),
(241, 480, 53, 1, '4', '2023-01-30 11:41:11', NULL),
(242, 495, 64, 1, '1', '2023-01-31 10:13:10', NULL),
(243, 496, 64, 1, '2', '2023-01-31 10:13:48', NULL),
(244, 497, 64, 1, '3', '2023-01-31 10:14:19', NULL),
(245, 498, 64, 1, '4', '2023-01-31 10:14:55', NULL),
(246, 499, 63, 1, '1', '2023-01-31 10:15:41', NULL),
(247, 500, 63, 1, '2', '2023-01-31 10:16:13', NULL),
(248, 501, 63, 1, '3', '2023-01-31 10:16:48', NULL),
(249, 502, 63, 1, '4', '2023-01-31 10:17:30', NULL),
(250, 503, 60, 1, '1', '2023-01-31 10:18:37', NULL),
(251, 504, 60, 1, '2', '2023-01-31 10:19:32', NULL),
(252, 505, 60, 1, '3', '2023-01-31 10:20:01', NULL),
(253, 506, 60, 1, '4', '2023-01-31 10:20:28', NULL),
(254, 507, 62, 1, '1', '2023-01-31 10:21:09', NULL),
(255, 508, 62, 1, '2', '2023-01-31 10:21:39', NULL),
(256, 509, 62, 1, '3', '2023-01-31 10:22:09', NULL),
(257, 510, 62, 1, '4', '2023-01-31 10:22:38', NULL),
(258, 511, 61, 1, '1', '2023-01-31 10:23:19', NULL),
(259, 512, 61, 1, '2', '2023-01-31 10:23:48', NULL),
(260, 513, 61, 1, '3', '2023-01-31 10:24:15', NULL),
(261, 514, 61, 1, '4', '2023-01-31 11:53:24', NULL),
(262, 530, 66, 1, '1', '2023-02-03 17:21:55', NULL),
(263, 531, 66, 1, '2', '2023-02-03 17:22:28', NULL),
(264, 532, 66, 1, '3', '2023-02-03 17:23:09', NULL),
(265, 533, 66, 1, '4', '2023-02-03 17:23:54', NULL),
(266, 534, 65, 1, '1', '2023-02-03 17:24:43', NULL),
(267, 535, 65, 1, '2', '2023-02-03 17:25:15', NULL),
(268, 536, 65, 1, '3', '2023-02-03 17:25:52', NULL),
(269, 537, 65, 1, '4', '2023-02-03 17:26:27', NULL),
(270, 538, 67, 1, '1', '2023-02-03 17:27:32', NULL),
(271, 539, 67, 1, '2', '2023-02-03 17:28:14', NULL),
(272, 540, 67, 1, '3', '2023-02-03 17:28:47', NULL),
(273, 541, 67, 1, '4', '2023-02-03 17:29:21', NULL),
(274, 542, 68, 1, '2', '2023-02-03 17:31:00', NULL),
(275, 543, 68, 1, '4', '2023-02-03 17:31:45', NULL),
(276, 551, 15, 1, '1', '2023-02-03 17:43:14', NULL),
(277, 552, 15, 1, '2', '2023-02-03 17:43:42', NULL),
(278, 553, 15, 1, '3', '2023-02-03 17:44:08', NULL),
(279, 554, 15, 1, '4', '2023-02-03 17:44:34', NULL),
(280, 555, 14, 1, '1', '2023-02-03 17:45:07', NULL),
(281, 556, 14, 1, '2', '2023-02-03 17:45:32', NULL),
(282, 557, 14, 1, '3', '2023-02-03 17:45:58', NULL),
(283, 558, 14, 1, '4', '2023-02-03 17:46:23', NULL),
(284, 559, 16, 1, '1', '2023-02-03 17:47:35', NULL),
(285, 560, 16, 1, '2', '2023-02-03 17:48:35', NULL),
(286, 561, 16, 1, '4', '2023-02-03 17:49:38', NULL),
(287, 562, 19, 1, '1', '2023-02-03 17:50:15', NULL),
(288, 563, 19, 1, '2', '2023-02-03 17:50:44', NULL),
(289, 564, 19, 1, '3', '2023-02-03 17:51:09', NULL),
(290, 565, 19, 1, '4', '2023-02-03 17:51:36', NULL),
(291, 566, 18, 1, '1', '2023-02-03 17:52:24', NULL),
(292, 567, 18, 1, '2', '2023-02-03 17:52:48', NULL),
(293, 568, 18, 1, '3', '2023-02-03 17:53:13', NULL),
(294, 569, 18, 1, '4', '2023-02-03 17:53:39', NULL),
(295, 570, 17, 1, '1', '2023-02-03 17:56:17', NULL),
(296, 571, 17, 1, '2', '2023-02-03 17:56:42', NULL),
(297, 572, 17, 1, '3', '2023-02-03 17:57:27', NULL),
(298, 573, 17, 1, '4', '2023-02-03 17:57:52', NULL),
(299, 583, 44, 1, '1', '2023-02-03 18:05:07', NULL),
(300, 584, 44, 1, '2', '2023-02-03 18:05:30', NULL),
(301, 585, 44, 1, '3', '2023-02-03 18:05:55', NULL),
(302, 586, 44, 1, '4', '2023-02-03 18:06:21', NULL),
(303, 587, 47, 1, '2', '2023-02-03 18:07:52', NULL),
(304, 588, 47, 1, '3', '2023-02-03 18:08:21', NULL),
(305, 589, 47, 1, '4', '2023-02-03 18:08:48', NULL),
(306, 590, 45, 1, '1', '2023-02-03 18:09:35', NULL),
(307, 591, 45, 1, '2', '2023-02-03 18:09:59', NULL),
(308, 592, 45, 1, '3', '2023-02-03 18:10:24', NULL),
(309, 593, 45, 1, '4', '2023-02-03 18:11:23', NULL),
(310, 594, 43, 1, '1', '2023-02-03 18:11:58', NULL),
(311, 595, 43, 1, '2', '2023-02-03 18:12:25', NULL),
(312, 596, 43, 1, '3', '2023-02-03 18:12:50', NULL),
(313, 597, 43, 1, '4', '2023-02-03 18:13:14', NULL),
(314, 598, 46, 1, '1', '2023-02-03 18:13:57', NULL),
(315, 599, 46, 1, '2', '2023-02-03 18:14:22', NULL),
(316, 600, 46, 1, '3', '2023-02-03 18:15:22', NULL),
(317, 601, 46, 1, '4', '2023-02-03 18:15:46', NULL),
(318, 612, 31, 1, '1', '2023-02-03 18:25:21', NULL),
(319, 613, 31, 1, '2', '2023-02-03 18:26:03', NULL),
(320, 614, 31, 1, '3', '2023-02-03 18:26:36', NULL),
(321, 615, 31, 1, '4', '2023-02-03 18:27:50', NULL),
(322, 616, 33, 1, '1', '2023-02-03 18:28:29', NULL),
(323, 617, 33, 1, '2', '2023-02-03 18:29:14', NULL),
(324, 618, 33, 1, '3', '2023-02-03 18:29:41', NULL),
(325, 619, 33, 1, '4', '2023-02-03 18:30:06', NULL),
(326, 620, 34, 1, '1', '2023-02-03 18:30:45', NULL),
(327, 621, 34, 1, '2', '2023-02-03 18:31:11', NULL),
(328, 622, 34, 1, '3', '2023-02-03 18:31:42', NULL),
(329, 623, 34, 1, '4', '2023-02-03 18:32:31', NULL),
(330, 624, 32, 1, '1', '2023-02-03 18:34:11', NULL),
(331, 625, 32, 1, '2', '2023-02-03 18:34:41', NULL),
(332, 626, 32, 1, '3', '2023-02-03 18:35:23', NULL),
(333, 627, 32, 1, '4', '2023-02-03 18:35:52', NULL),
(334, 634, 35, 1, '1', '2023-02-05 09:57:55', NULL),
(335, 635, 35, 1, '2', '2023-02-05 09:58:32', NULL),
(336, 636, 35, 1, '3', '2023-02-05 09:59:04', NULL),
(337, 637, 35, 1, '4', '2023-02-05 09:59:48', NULL),
(338, 638, 39, 1, '1', '2023-02-05 10:00:40', NULL),
(339, 639, 39, 1, '2', '2023-02-05 10:01:11', NULL),
(340, 640, 39, 1, '3', '2023-02-05 10:01:45', NULL),
(341, 641, 39, 1, '4', '2023-02-05 10:02:23', NULL),
(342, 642, 37, 1, '1', '2023-02-05 10:03:17', NULL),
(343, 643, 37, 1, '2', '2023-02-05 10:03:49', NULL),
(344, 644, 37, 1, '3', '2023-02-05 10:04:21', NULL),
(345, 645, 37, 1, '4', '2023-02-05 10:05:03', NULL),
(346, 646, 38, 1, '1', '2023-02-05 10:05:50', NULL),
(347, 647, 38, 1, '2', '2023-02-05 10:06:16', NULL),
(348, 648, 38, 1, '3', '2023-02-05 10:06:54', NULL),
(349, 649, 38, 1, '4', '2023-02-05 10:07:37', NULL),
(350, 650, 36, 1, '1', '2023-02-05 10:08:50', NULL),
(351, 651, 36, 1, '2', '2023-02-05 10:09:22', NULL),
(352, 652, 36, 1, '3', '2023-02-05 10:09:56', NULL),
(353, 653, 36, 1, '4', '2023-02-05 10:10:33', NULL),
(354, 669, 26, 1, '1', '2023-02-11 10:14:33', NULL),
(355, 670, 26, 1, '2', '2023-02-11 10:15:14', NULL),
(356, 671, 26, 1, '3', '2023-02-11 10:15:50', NULL),
(357, 672, 26, 1, '4', '2023-02-11 10:16:41', NULL),
(358, 673, 30, 1, '1', '2023-02-11 10:17:34', NULL),
(359, 674, 30, 1, '2', '2023-02-11 10:19:18', NULL),
(360, 675, 30, 1, '3', '2023-02-11 10:20:31', NULL),
(361, 676, 30, 1, '4', '2023-02-11 10:21:21', NULL),
(362, 677, 29, 1, '1', '2023-02-11 10:22:22', NULL),
(363, 678, 29, 1, '2', '2023-02-11 10:23:43', NULL),
(364, 679, 29, 1, '3', '2023-02-11 10:24:28', NULL),
(365, 680, 29, 1, '4', '2023-02-11 10:25:07', NULL),
(366, 681, 28, 1, '1', '2023-02-11 10:25:50', NULL),
(367, 682, 28, 1, '2', '2023-02-11 10:26:21', NULL),
(368, 683, 28, 1, '3', '2023-02-11 10:26:52', NULL),
(369, 684, 28, 1, '4', '2023-02-11 10:27:27', NULL),
(370, 685, 27, 1, '1', '2023-02-11 10:28:29', NULL),
(371, 686, 27, 1, '2', '2023-02-11 10:29:01', NULL),
(372, 687, 27, 1, '3', '2023-02-11 10:29:40', NULL),
(373, 688, 27, 1, '4', '2023-02-11 10:30:20', NULL),
(374, 701, 8, 1, '1', '2023-02-11 14:58:25', NULL),
(375, 702, 8, 1, '2', '2023-02-11 14:59:11', NULL),
(376, 703, 8, 1, '3', '2023-02-11 14:59:35', NULL),
(377, 704, 8, 1, '4', '2023-02-11 15:02:40', NULL),
(378, 705, 12, 1, '1', '2023-02-11 15:05:13', NULL),
(379, 706, 12, 1, '2', '2023-02-11 15:05:41', NULL),
(380, 707, 12, 1, '3', '2023-02-11 16:29:30', NULL),
(381, 708, 12, 1, '4', '2023-02-11 16:30:18', NULL),
(382, 709, 13, 1, '1', '2023-02-11 16:31:27', NULL),
(383, 710, 13, 1, '2', '2023-02-11 16:31:51', NULL),
(384, 711, 13, 1, '3', '2023-02-11 16:32:19', NULL),
(385, 712, 13, 1, '4', '2023-02-11 16:32:53', NULL),
(386, 713, 9, 1, '1', '2023-02-11 16:34:03', NULL),
(387, 714, 9, 1, '2', '2023-02-11 16:34:24', NULL),
(388, 715, 9, 1, '3', '2023-02-11 16:34:52', NULL),
(389, 716, 9, 1, '4', '2023-02-11 16:35:20', NULL),
(390, 717, 10, 1, '1', '2023-02-11 16:40:10', NULL),
(391, 718, 10, 1, '2', '2023-02-11 16:40:36', NULL),
(392, 719, 10, 1, '3', '2023-02-11 16:41:05', NULL),
(393, 720, 10, 1, '4', '2023-02-11 16:41:43', NULL),
(394, 721, 11, 1, '1', '2023-02-11 16:43:00', NULL),
(395, 722, 11, 1, '2', '2023-02-11 16:43:27', NULL),
(396, 723, 11, 1, '3', '2023-02-11 16:43:55', NULL),
(397, 724, 11, 1, '4', '2023-02-11 16:44:23', NULL);

-- --------------------------------------------------------

--
-- Table structure for table `challenges`
--

CREATE TABLE `challenges` (
  `id` bigint(20) UNSIGNED NOT NULL,
  `challenge` longtext COLLATE utf8mb4_unicode_ci NOT NULL,
  `feedback` longtext COLLATE utf8mb4_unicode_ci DEFAULT NULL,
  `state_id` bigint(20) UNSIGNED NOT NULL,
  `from` varchar(255) COLLATE utf8mb4_unicode_ci NOT NULL,
  `form_url` varchar(255) COLLATE utf8mb4_unicode_ci DEFAULT NULL,
  `leader_id` bigint(20) UNSIGNED NOT NULL,
  `status` varchar(255) COLLATE utf8mb4_unicode_ci NOT NULL,
  `created_at` timestamp NULL DEFAULT NULL,
  `updated_at` timestamp NULL DEFAULT NULL,
  `yahusu` text COLLATE utf8mb4_unicode_ci NOT NULL
) ENGINE=InnoDB DEFAULT CHARSET=utf8mb4 COLLATE=utf8mb4_unicode_ci;

-- --------------------------------------------------------

--
-- Table structure for table `councils`
--

CREATE TABLE `councils` (
  `id` bigint(20) UNSIGNED NOT NULL,
  `name` varchar(255) COLLATE utf8mb4_unicode_ci NOT NULL,
  `district_id` bigint(20) UNSIGNED NOT NULL,
  `created_at` timestamp NULL DEFAULT NULL,
  `updated_at` timestamp NULL DEFAULT NULL
) ENGINE=InnoDB DEFAULT CHARSET=utf8mb4 COLLATE=utf8mb4_unicode_ci;

--
-- Dumping data for table `councils`
--

INSERT INTO `councils` (`id`, `name`, `district_id`, `created_at`, `updated_at`) VALUES
(1, 'Bariadi Mjini', 1, '2023-01-27 10:42:04', '2023-01-27 10:42:04'),
(2, 'Bariadi Vijijini', 1, '2023-01-27 19:54:52', NULL);

-- --------------------------------------------------------

--
-- Table structure for table `council_leader`
--

CREATE TABLE `council_leader` (
  `id` bigint(20) UNSIGNED NOT NULL,
  `leader_id` bigint(20) UNSIGNED NOT NULL,
  `council_id` bigint(20) UNSIGNED NOT NULL,
  `isActive` tinyint(1) NOT NULL DEFAULT 0,
  `post_id` varchar(255) COLLATE utf8mb4_unicode_ci NOT NULL,
  `created_at` timestamp NULL DEFAULT NULL,
  `updated_at` timestamp NULL DEFAULT NULL
) ENGINE=InnoDB DEFAULT CHARSET=utf8mb4 COLLATE=utf8mb4_unicode_ci;

-- --------------------------------------------------------

--
-- Table structure for table `districts`
--

CREATE TABLE `districts` (
  `id` bigint(20) UNSIGNED NOT NULL,
  `name` varchar(255) COLLATE utf8mb4_unicode_ci NOT NULL,
  `region_id` bigint(20) UNSIGNED NOT NULL,
  `created_at` timestamp NULL DEFAULT NULL,
  `updated_at` timestamp NULL DEFAULT NULL
) ENGINE=InnoDB DEFAULT CHARSET=utf8mb4 COLLATE=utf8mb4_unicode_ci;

--
-- Dumping data for table `districts`
--

INSERT INTO `districts` (`id`, `name`, `region_id`, `created_at`, `updated_at`) VALUES
(1, 'Bariadi', 1, '2023-01-27 10:23:16', '2023-01-27 10:23:16');

-- --------------------------------------------------------

--
-- Table structure for table `district_leader`
--

CREATE TABLE `district_leader` (
  `id` bigint(20) UNSIGNED NOT NULL,
  `leader_id` bigint(20) UNSIGNED NOT NULL,
  `district_id` bigint(20) UNSIGNED NOT NULL,
  `isActive` tinyint(1) NOT NULL DEFAULT 0,
  `post_id` varchar(255) COLLATE utf8mb4_unicode_ci NOT NULL,
  `created_at` timestamp NULL DEFAULT NULL,
  `updated_at` timestamp NULL DEFAULT NULL
) ENGINE=InnoDB DEFAULT CHARSET=utf8mb4 COLLATE=utf8mb4_unicode_ci;

-- --------------------------------------------------------

--
-- Table structure for table `divisions`
--

CREATE TABLE `divisions` (
  `id` bigint(20) UNSIGNED NOT NULL,
  `name` varchar(255) COLLATE utf8mb4_unicode_ci NOT NULL,
  `council_id` bigint(20) UNSIGNED NOT NULL,
  `created_at` timestamp NULL DEFAULT NULL,
  `updated_at` timestamp NULL DEFAULT NULL
) ENGINE=InnoDB DEFAULT CHARSET=utf8mb4 COLLATE=utf8mb4_unicode_ci;

--
-- Dumping data for table `divisions`
--

INSERT INTO `divisions` (`id`, `name`, `council_id`, `created_at`, `updated_at`) VALUES
(1, 'Ntuzu', 1, '2023-01-27 10:42:25', '2023-01-27 10:42:25'),
(2, 'Dutwa', 2, '2023-01-27 21:14:13', '2023-01-27 21:14:13'),
(3, 'Nkololo', 2, '2023-01-27 21:30:44', '2023-01-27 21:30:44'),
(4, 'Mhango/Ngulyati', 2, '2023-01-28 07:27:25', '2023-01-28 07:27:25');

-- --------------------------------------------------------

--
-- Table structure for table `division_leader`
--

CREATE TABLE `division_leader` (
  `id` bigint(20) UNSIGNED NOT NULL,
  `leader_id` bigint(20) UNSIGNED NOT NULL,
  `division_id` bigint(20) UNSIGNED NOT NULL,
  `isActive` tinyint(1) NOT NULL DEFAULT 0,
  `post_id` varchar(255) COLLATE utf8mb4_unicode_ci NOT NULL,
  `created_at` timestamp NULL DEFAULT NULL,
  `updated_at` timestamp NULL DEFAULT NULL
) ENGINE=InnoDB DEFAULT CHARSET=utf8mb4 COLLATE=utf8mb4_unicode_ci;

-- --------------------------------------------------------

--
-- Table structure for table `failed_jobs`
--

CREATE TABLE `failed_jobs` (
  `id` bigint(20) UNSIGNED NOT NULL,
  `uuid` varchar(255) COLLATE utf8mb4_unicode_ci NOT NULL,
  `connection` text COLLATE utf8mb4_unicode_ci NOT NULL,
  `queue` text COLLATE utf8mb4_unicode_ci NOT NULL,
  `payload` longtext COLLATE utf8mb4_unicode_ci NOT NULL,
  `exception` longtext COLLATE utf8mb4_unicode_ci NOT NULL,
  `failed_at` timestamp NOT NULL DEFAULT current_timestamp()
) ENGINE=InnoDB DEFAULT CHARSET=utf8mb4 COLLATE=utf8mb4_unicode_ci;

-- --------------------------------------------------------

--
-- Table structure for table `groups`
--

CREATE TABLE `groups` (
  `id` bigint(20) UNSIGNED NOT NULL,
  `name` varchar(255) COLLATE utf8mb4_unicode_ci NOT NULL,
  `deep` varchar(255) COLLATE utf8mb4_unicode_ci NOT NULL,
  `basedOn` varchar(255) COLLATE utf8mb4_unicode_ci NOT NULL,
  `created_at` timestamp NULL DEFAULT NULL,
  `updated_at` timestamp NULL DEFAULT NULL,
  `side` varchar(11) COLLATE utf8mb4_unicode_ci NOT NULL DEFAULT 'chama'
) ENGINE=InnoDB DEFAULT CHARSET=utf8mb4 COLLATE=utf8mb4_unicode_ci;

--
-- Dumping data for table `groups`
--

INSERT INTO `groups` (`id`, `name`, `deep`, `basedOn`, `created_at`, `updated_at`, `side`) VALUES
(1, 'uwongozi wa chama mkoa', 'uwz_chama_M', 'mkoa', '2023-01-27 09:58:02', '2023-01-27 09:58:02', 'chama'),
(2, 'kamati ya siasa mkoa', 'kmt_siasa_M', 'mkoa', '2023-01-27 09:58:02', '2023-01-27 09:58:02', 'chama'),
(3, 'halmashauri kuu ya mkoa', 'h_kuu_M', 'mkoa', '2023-01-27 09:58:02', '2023-01-27 09:58:02', 'chama'),
(4, 'jumuiya ya wanawake mkoa', 'jm_wke_M', 'mkoa', '2023-01-27 09:58:02', '2023-01-27 09:58:02', 'chama'),
(5, 'jumuiya ya wazazi mkoa', 'jm_waz_M', 'mkoa', '2023-01-27 09:58:02', '2023-01-27 09:58:02', 'chama'),
(6, 'jumuiya ya vijana mkoa', 'jm_vj_M', 'mkoa', '2023-01-27 09:58:02', '2023-01-27 09:58:02', 'chama'),
(7, 'jumuiya ya wanawake wilaya', 'jm_wke_W', 'wilaya', '2023-01-27 09:58:02', '2023-01-27 09:58:02', 'chama'),
(8, 'jumuiya ya wazazi wilaya', 'jm_waz_W', 'wilaya', '2023-01-27 09:58:02', '2023-01-27 09:58:02', 'chama'),
(9, 'jumuiya ya vijana wilaya', 'jm_vj_W', 'wilaya', '2023-01-27 09:58:02', '2023-01-27 09:58:02', 'chama'),
(10, 'uwongozi wa chama wilaya', 'uwz_chama_W', 'wilaya', '2023-01-27 09:58:02', '2023-01-27 09:58:02', 'chama'),
(11, 'kamati ya siasa wilaya', 'kmt_siasa_W', 'wilaya', '2023-01-27 09:58:02', '2023-01-27 09:58:02', 'chama'),
(12, 'halmashauri kuu ya wilaya', 'h_kuu_W', 'wilaya', '2023-01-27 09:58:02', '2023-01-27 09:58:02', 'chama'),
(13, 'Uwongozi wa chama kata', 'uwz_chama_K', 'kata', '2023-01-27 09:58:02', '2023-01-27 09:58:02', 'chama'),
(14, 'Wajumbe wa Mkutano Mkuu wa CCM Wilaya  (Wapiga Kura)', 'Wajumbe_wa_Mkutano_Mkuu_wa_CCM_Wilaya_Wapiga_Kura_gp', 'wilaya', '2023-01-31 12:12:01', '2023-02-04 12:48:33', 'chama'),
(15, 'viongozi wa dini kata', 'viongozi_wa_dini_kata_gp', 'kata', '2023-02-18 13:48:17', '2023-02-18 13:48:17', 'chama'),
(16, 'viongozi wa dini wilaya', 'viongozi_wa_dini_wilaya_gp', 'wilaya', '2023-02-18 13:49:04', '2023-02-18 13:49:04', 'chama'),
(17, 'viongozi wa dini mkoa', 'viongozi_wa_dini_mkoa_gp', 'mkoa', '2023-02-18 13:49:18', '2023-02-18 13:49:18', 'chama');

-- --------------------------------------------------------

--
-- Table structure for table `group_post`
--

CREATE TABLE `group_post` (
  `id` bigint(20) UNSIGNED NOT NULL,
  `group_id` bigint(20) UNSIGNED NOT NULL,
  `post_id` bigint(20) UNSIGNED NOT NULL,
  `created_at` timestamp NULL DEFAULT NULL,
  `updated_at` timestamp NULL DEFAULT NULL
) ENGINE=InnoDB DEFAULT CHARSET=utf8mb4 COLLATE=utf8mb4_unicode_ci;

--
-- Dumping data for table `group_post`
--

INSERT INTO `group_post` (`id`, `group_id`, `post_id`, `created_at`, `updated_at`) VALUES
(1, 1, 37, NULL, NULL),
(2, 1, 38, NULL, NULL),
(3, 1, 39, NULL, NULL),
(4, 4, 44, NULL, NULL),
(5, 4, 45, NULL, NULL),
(6, 6, 46, NULL, NULL),
(7, 6, 47, NULL, NULL),
(8, 6, 48, NULL, NULL),
(9, 5, 42, NULL, NULL),
(10, 5, 43, NULL, NULL),
(11, 7, 30, NULL, NULL),
(12, 7, 31, NULL, NULL),
(13, 8, 28, NULL, NULL),
(14, 8, 29, NULL, NULL),
(15, 9, 32, NULL, NULL),
(16, 9, 33, NULL, NULL),
(17, 9, 34, NULL, NULL),
(18, 10, 32, NULL, NULL),
(19, 10, 33, NULL, NULL),
(20, 10, 34, NULL, NULL),
(21, 11, 22, NULL, NULL),
(22, 11, 23, NULL, NULL),
(23, 11, 24, NULL, NULL),
(24, 11, 26, NULL, NULL),
(25, 11, 27, NULL, NULL),
(26, 11, 28, NULL, NULL),
(27, 11, 30, NULL, NULL),
(28, 11, 32, NULL, NULL),
(29, 11, 33, NULL, NULL),
(30, 11, 34, NULL, NULL),
(31, 11, 35, NULL, NULL),
(32, 11, 51, NULL, NULL),
(33, 12, 5, NULL, NULL),
(34, 12, 7, NULL, NULL),
(35, 12, 8, NULL, NULL),
(36, 12, 9, NULL, NULL),
(37, 12, 22, NULL, NULL),
(38, 12, 23, NULL, NULL),
(39, 12, 24, NULL, NULL),
(40, 12, 26, NULL, NULL),
(41, 12, 28, NULL, NULL),
(42, 12, 29, NULL, NULL),
(43, 12, 30, NULL, NULL),
(44, 12, 31, NULL, NULL),
(45, 12, 32, NULL, NULL),
(46, 12, 33, NULL, NULL),
(47, 12, 34, NULL, NULL),
(48, 12, 36, NULL, NULL),
(49, 13, 5, NULL, NULL),
(50, 13, 6, NULL, NULL),
(51, 13, 7, NULL, NULL),
(52, 13, 8, NULL, NULL),
(53, 13, 9, NULL, NULL),
(54, 13, 10, NULL, NULL),
(55, 13, 11, NULL, NULL),
(56, 2, 37, NULL, NULL),
(57, 2, 38, NULL, NULL),
(58, 2, 39, NULL, NULL),
(59, 2, 41, NULL, NULL),
(60, 2, 42, NULL, NULL),
(61, 2, 44, NULL, NULL),
(62, 2, 46, NULL, NULL),
(63, 2, 49, NULL, NULL),
(64, 3, 22, NULL, NULL),
(65, 3, 26, NULL, NULL),
(66, 3, 37, NULL, NULL),
(67, 3, 38, NULL, NULL),
(68, 3, 39, NULL, NULL),
(69, 3, 41, NULL, NULL),
(70, 3, 42, NULL, NULL),
(71, 3, 44, NULL, NULL),
(72, 3, 46, NULL, NULL),
(73, 3, 49, NULL, NULL),
(74, 3, 50, NULL, NULL),
(75, 14, 5, NULL, NULL),
(76, 14, 6, NULL, NULL),
(77, 14, 7, NULL, NULL),
(78, 14, 11, NULL, NULL),
(79, 14, 10, NULL, NULL),
(80, 14, 12, NULL, NULL),
(81, 14, 13, NULL, NULL),
(82, 14, 14, NULL, NULL),
(83, 14, 15, NULL, NULL),
(84, 14, 16, NULL, NULL),
(85, 14, 17, NULL, NULL),
(86, 14, 8, NULL, NULL),
(87, 14, 1, NULL, NULL),
(88, 14, 2, NULL, NULL),
(89, 14, 3, NULL, NULL),
(90, 14, 4, NULL, NULL),
(91, 14, 35, NULL, NULL),
(92, 14, 49, NULL, NULL),
(93, 15, 52, NULL, NULL),
(94, 15, 55, NULL, NULL),
(95, 15, 58, NULL, NULL),
(96, 15, 61, NULL, NULL),
(97, 15, 64, NULL, NULL),
(98, 15, 67, NULL, NULL),
(99, 16, 53, NULL, NULL),
(100, 16, 56, NULL, NULL),
(101, 16, 59, NULL, NULL),
(102, 16, 62, NULL, NULL),
(103, 16, 65, NULL, NULL),
(104, 16, 68, NULL, NULL),
(105, 17, 54, NULL, NULL),
(106, 17, 57, NULL, NULL),
(107, 17, 60, NULL, NULL),
(108, 17, 63, NULL, NULL),
(109, 17, 66, NULL, NULL),
(110, 17, 69, NULL, NULL);

-- --------------------------------------------------------

--
-- Table structure for table `leaders`
--

CREATE TABLE `leaders` (
  `id` bigint(20) UNSIGNED NOT NULL,
  `firstName` varchar(50) COLLATE utf8mb4_unicode_ci NOT NULL,
  `middleName` varchar(50) COLLATE utf8mb4_unicode_ci DEFAULT NULL,
  `lastName` varchar(50) COLLATE utf8mb4_unicode_ci NOT NULL,
  `phone` varchar(255) COLLATE utf8mb4_unicode_ci NOT NULL,
  `created_at` timestamp NULL DEFAULT NULL,
  `updated_at` timestamp NULL DEFAULT NULL,
  `side` varchar(11) COLLATE utf8mb4_unicode_ci NOT NULL DEFAULT 'chama'
) ENGINE=InnoDB DEFAULT CHARSET=utf8mb4 COLLATE=utf8mb4_unicode_ci;

--
-- Dumping data for table `leaders`
--

INSERT INTO `leaders` (`id`, `firstName`, `middleName`, `lastName`, `phone`, `created_at`, `updated_at`, `side`) VALUES
(1, 'robert', 'null', 'susu', '255784582079', '2023-01-27 10:49:54', '2023-01-27 10:49:54', 'chama'),
(2, 'gumba', 'shuli', 'madata', '255753395823', '2023-01-27 10:50:13', '2023-02-01 11:44:57', 'chama'),
(3, 'hosea', 'null', 'mlela', '255699787131', '2023-01-27 10:51:15', '2023-01-27 10:51:15', 'chama'),
(4, 'kija', 'null', 'Matthias', '255785931129', '2023-01-27 10:52:15', '2023-01-27 10:52:15', 'chama'),
(5, 'lameck', 'null', 'mahaza', '255765440339', '2023-01-27 10:54:31', '2023-01-27 10:54:31', 'chama'),
(6, 'kija', 'null', 'bulenya', '255785689464', '2023-01-27 10:54:43', '2023-01-27 10:54:43', 'chama'),
(7, 'maria', 'null', 'biseko', '255655455873', '2023-01-27 10:55:24', '2023-01-27 10:55:24', 'chama'),
(8, 'stivin', 'null', 'kitebo', '255767154991', '2023-01-27 10:57:56', '2023-01-27 10:57:56', 'chama'),
(9, 'ngolle', 'null', 'maduhu', '255767056000', '2023-01-27 11:05:58', '2023-01-27 11:05:58', 'chama'),
(10, 'peter', 'null', 'ligwa', '255768213505', '2023-01-27 11:06:37', '2023-01-27 11:06:37', 'chama'),
(11, 'lameck', 'null', 'dogani', '255759700703', '2023-01-27 11:07:20', '2023-01-27 11:07:20', 'chama'),
(12, 'mwasi', 'null', 'nkenyenge', '255754266591', '2023-01-27 11:08:08', '2023-01-27 11:08:08', 'chama'),
(13, 'rehema', 'null', 'elias', '255763962976', '2023-01-27 11:08:57', '2023-01-27 11:08:57', 'chama'),
(14, 'mhinga', 'null', 'malongeta', '255757859638', '2023-01-27 11:09:10', '2023-01-27 11:09:10', 'chama'),
(15, 'bernard', 'null', 'ntelezu', '255745335269', '2023-01-27 11:10:09', '2023-01-27 11:10:09', 'chama'),
(16, 'joyce', 'null', 'magembe', '255682424652', '2023-01-27 11:10:27', '2023-01-27 11:10:27', 'chama'),
(17, 'subira', 'null', 'shaban', '255627740951', '2023-01-27 11:13:01', '2023-01-27 11:13:01', 'chama'),
(18, 'phurugence', 'null', 'msusa', '255784501196', '2023-01-27 11:13:59', '2023-01-27 11:13:59', 'chama'),
(19, 'esther', 'null', 'donard', '255682253990', '2023-01-27 11:14:43', '2023-01-27 11:14:43', 'chama'),
(20, 'winfrida', 'null', 'magesa', '255684693123', '2023-01-27 11:16:46', '2023-01-27 11:16:46', 'chama'),
(21, 'mariam', 'null', 'lazaro', '255782862591', '2023-01-27 11:20:11', '2023-01-27 11:20:11', 'chama'),
(22, 'samson', 'null', 'lushu', '255685008781', '2023-01-27 11:25:19', '2023-01-27 11:25:19', 'chama'),
(23, 'peter', 'null', 'manengelo', '255719680629', '2023-01-27 11:45:01', '2023-01-27 11:45:01', 'chama'),
(24, 'gulya', 'null', 'kasuka', '255784416209', '2023-01-27 11:45:45', '2023-01-27 11:45:45', 'chama'),
(25, 'lenard', 'null', 'ntelezu', '255768046291', '2023-01-27 11:47:24', '2023-01-27 11:47:24', 'chama'),
(26, 'tabu', 'null', 'golani', '255789004841', '2023-01-27 11:48:19', '2023-01-27 11:48:19', 'chama'),
(27, 'mboje', 'null', 'mageme', '255684523258', '2023-01-27 11:53:01', '2023-01-27 11:53:01', 'chama'),
(28, 'sayi', 'null', 'mitanda', '255689649512', '2023-01-27 11:53:28', '2023-01-27 11:53:28', 'chama'),
(29, 'masuke', 'null', 'nendo', '255684275410', '2023-01-27 11:54:35', '2023-01-27 11:54:35', 'chama'),
(30, 'mayenga', 'null', 'njile', '255684646358', '2023-01-27 11:55:25', '2023-01-27 11:55:25', 'chama'),
(31, 'jumanne', 'null', 'juma', '255688700222', '2023-01-27 11:56:45', '2023-01-27 11:56:45', 'chama'),
(32, 'hadija', 'null', 'kabwela', '255683453209', '2023-01-27 11:57:27', '2023-01-27 11:57:27', 'chama'),
(33, 'kasili', 'null', 'hanza', '255679881402', '2023-01-27 11:58:06', '2023-01-27 11:58:06', 'chama'),
(34, 'mrs mlela', 'null', 'null', '255767056000', '2023-01-27 13:53:42', '2023-01-27 13:53:42', 'chama'),
(35, 'mwinamila', 'null', 'jinuka', '255683453209', '2023-01-27 13:56:08', '2023-01-27 13:56:08', 'chama'),
(36, 'lupia', 'null', 'somanda', '255762472257', '2023-01-27 14:52:12', '2023-01-27 14:52:12', 'chama'),
(37, 'asha', 'null', 'athuman', '255755713997', '2023-01-27 14:52:53', '2023-01-27 14:52:53', 'chama'),
(38, 'restuta', 'null', 'ernest', '255679851310', '2023-01-27 14:55:07', '2023-01-27 14:55:07', 'chama'),
(39, 'badi', 'null', 'james', '255757159080', '2023-01-27 14:55:41', '2023-01-27 14:55:41', 'chama'),
(40, 'yohana', 'null', 'sitta', '255769183981', '2023-01-27 14:56:27', '2023-01-27 14:56:27', 'chama'),
(41, 'elizabeth', 'null', 'mabula', '255652743820', '2023-01-27 14:57:35', '2023-01-27 14:57:35', 'chama'),
(42, 'majid', 'null', 'tawa', '255685471880', '2023-01-27 14:58:01', '2023-01-27 14:58:01', 'chama'),
(43, 'mussa', 'null', 'kanzala', '255755204100', '2023-01-27 14:58:32', '2023-01-27 14:58:32', 'chama'),
(44, 'mangu', 'm', 'mbogo', '255762871800', '2023-01-27 15:03:19', '2023-01-27 15:03:19', 'chama'),
(45, 'elisha', 'r', 'magembe', '255711878595', '2023-01-27 15:04:33', '2023-01-27 15:04:33', 'chama'),
(46, 'rehema', 'null', 'elias', '255763962976', '2023-01-27 15:05:18', '2023-01-27 15:05:18', 'chama'),
(47, 'catherine', 'null', 'ntunga', '255764758897', '2023-01-27 15:06:16', '2023-01-27 15:06:16', 'chama'),
(48, 'amos', 'null', 'juma', '255688234536', '2023-01-27 15:07:18', '2023-01-27 15:07:18', 'chama'),
(49, 'milyango', 'null', 'kuyambila', '255788906655', '2023-01-27 15:07:48', '2023-01-27 15:07:48', 'chama'),
(50, 'isack', 'null', 'maheka', '255758191542', '2023-01-27 15:08:19', '2023-01-27 15:08:19', 'chama'),
(51, 'joseph', 'null', 'dutwa', '255683071889', '2023-01-27 15:10:23', '2023-01-27 15:10:23', 'chama'),
(52, 'paul', 'robert', 'susu', '255784481046', '2023-01-27 15:20:36', '2023-01-27 15:20:36', 'chama'),
(53, 'john', 'null', 'mapokezi', '255786143484', '2023-01-27 16:55:30', '2023-01-27 16:55:30', 'chama'),
(54, 'susana', 'null', 'majola', '255746165054', '2023-01-27 16:56:36', '2023-01-27 16:56:36', 'chama'),
(55, 'kadogo', 'null', 'badullu', '255783499532', '2023-01-27 17:00:12', '2023-01-27 17:00:12', 'chama'),
(56, 'rehema', 'null', 'shalali', '255784440482', '2023-01-27 17:00:53', '2023-01-27 17:00:53', 'chama'),
(57, 'betrice', 'null', 'ngassa', '255679699873', '2023-01-27 17:02:10', '2023-01-27 17:02:10', 'chama'),
(58, 'tabu', 'null', 'kitebo', '255684970480', '2023-01-27 17:09:37', '2023-01-27 17:09:37', 'chama'),
(59, 'musa', 'pawa', 'nganya', '255767282839', '2023-01-28 10:51:32', '2023-01-28 10:51:32', 'chama'),
(60, 'lumuli', 'null', 'lubimbi', '255682790050', '2023-01-28 10:54:13', '2023-01-28 10:54:13', 'chama'),
(61, 'meli', 'null', 'saku', '255684059830', '2023-01-28 10:54:39', '2023-01-28 10:54:39', 'chama'),
(62, 'charles', 'null', 'nkenyenge', '255787489671', '2023-01-28 11:04:06', '2023-01-28 11:04:06', 'chama'),
(63, 'helena', 'null', 'itabaja', '255758880796', '2023-01-28 11:08:57', '2023-01-28 11:08:57', 'chama'),
(64, 'chalo', 'null', 'kasuka', '255624074693', '2023-01-28 11:13:30', '2023-01-28 11:13:30', 'chama'),
(65, 'stela', 'null', 'richard', '255624332082', '2023-01-28 11:16:03', '2023-01-28 11:16:03', 'chama'),
(66, 'grace', 'null', 'kidunda', '255744332093', '2023-01-28 11:17:31', '2023-01-28 11:17:31', 'chama'),
(67, 'marry', 'null', 'mathew', '255763011569', '2023-01-28 11:17:59', '2023-01-28 11:17:59', 'chama'),
(68, 'getruda', 'null', 'mathew', '255692807299', '2023-01-28 11:18:29', '2023-01-28 11:18:29', 'chama'),
(69, 'mashimo', 'null', 'manhi', '255787496625', '2023-01-28 11:22:01', '2023-01-28 11:22:01', 'chama'),
(70, 'thomas', 'null', 'saguda', '255684871432', '2023-01-28 11:22:25', '2023-01-28 11:22:25', 'chama'),
(71, 'budaka', 'null', 'lameck', '255787502430', '2023-01-28 11:22:55', '2023-01-28 11:22:55', 'chama'),
(72, 'isack', 'null', 'isuna', '255688632315', '2023-01-28 11:23:23', '2023-01-28 11:23:23', 'chama'),
(73, 'kija', 'null', 'beleja', '255787496625', '2023-01-28 11:23:55', '2023-01-28 11:23:55', 'chama'),
(74, 'kasili', 'null', 'magagala', '255786029919', '2023-01-28 11:24:21', '2023-01-28 11:24:21', 'chama'),
(75, 'malugu', 'null', 'ikamula', '255682377594', '2023-01-28 11:25:44', '2023-01-28 11:25:44', 'chama'),
(76, 'zakalia', 'null', 'nyalikungu', '255742408861', '2023-01-28 11:26:30', '2023-01-28 11:26:30', 'chama'),
(77, 'ng\'weng\'ula', 'null', 'goleha', '255785478565', '2023-01-28 11:26:35', '2023-01-28 11:26:35', 'chama'),
(78, 'masunga', 'null', 'makoye', '255744705130', '2023-01-28 11:27:36', '2023-01-28 11:27:36', 'chama'),
(79, 'mitanda', 'null', 'machalila', '255785478565', '2023-01-28 11:28:19', '2023-01-28 11:28:19', 'chama'),
(80, 'Sitta', 'null', 'masuke', '255687039635', '2023-01-28 11:28:23', '2023-01-28 11:28:23', 'chama'),
(81, 'lucas', 'null', 'mbogo', '255682039001', '2023-01-28 11:29:17', '2023-01-28 11:29:17', 'chama'),
(82, 'ng\'wandu', 'null', 'dituzubu', '255686969002', '2023-01-28 11:29:55', '2023-01-28 11:29:55', 'chama'),
(83, 'kibyula', 'null', 'masunga', '255687299009', '2023-01-28 11:30:33', '2023-01-28 11:30:33', 'chama'),
(84, 'masanja', 'null', 'maduhu', '255782031240', '2023-01-28 11:30:42', '2023-01-28 11:30:42', 'chama'),
(85, 'martin', 'atanas', 'mvanga', '255687299009', '2023-01-28 11:31:53', '2023-01-28 11:31:53', 'chama'),
(86, 'matumizi', 'null', 'ngong\'ho', '255688940343', '2023-01-28 11:32:39', '2023-01-28 11:32:39', 'chama'),
(87, 'philipo', 'yatawa', 'mlola', '255687299009', '2023-01-28 11:33:02', '2023-01-28 11:33:02', 'chama'),
(88, 'nkwabi', 'null', 'kulusu', '255783354958', '2023-01-28 11:33:25', '2023-01-28 11:33:25', 'chama'),
(89, 'malase', 'ndugule', 'masunga', '255782974885', '2023-01-28 11:33:46', '2023-01-28 11:33:46', 'chama'),
(90, 'paul', 'null', 'ndekela', '255783462339', '2023-01-28 11:33:46', '2023-01-28 11:33:46', 'chama'),
(91, 'robert', 'null', 'kiyunga', '255782733612', '2023-01-28 11:34:19', '2023-01-28 11:34:19', 'chama'),
(92, 'minza', 'null', 'fodi', '255687080226', '2023-01-28 11:34:35', '2023-01-28 11:34:35', 'chama'),
(93, 'sayi', 'null', 'kitabo', '255687056263', '2023-01-28 11:35:13', '2023-01-28 11:35:13', 'chama'),
(94, 'ng\'hate', 'masunga', 'bija', '255766729326', '2023-01-28 11:35:53', '2023-01-28 11:35:53', 'chama'),
(95, 'sunzu', 'magashi', 'ntaluke', '255783442420', '2023-01-28 11:36:55', '2023-01-28 11:36:55', 'chama'),
(96, 'ngeme', 'ntambi', 'kalogi', '255784711186', '2023-01-28 11:37:45', '2023-01-28 11:37:45', 'chama'),
(97, 'emmanuel', 'shagi', 'nyanda', '255694081666', '2023-01-28 11:38:19', '2023-01-28 11:38:19', 'chama'),
(98, 'masunga', 'kaswajili', 'nyobi', '255783065980', '2023-01-28 11:41:31', '2023-01-28 11:41:31', 'chama'),
(99, 'ibambahili', 'nhunganya', 'ng\'walali', '255689730992', '2023-01-28 11:42:36', '2023-01-28 11:42:36', 'chama'),
(100, 'Mboje', 'pole', 'mvela', '255686653023', '2023-01-28 11:44:25', '2023-01-28 11:44:25', 'chama'),
(101, 'Gimbusi', 'mlola', 'lulila', '255785689888', '2023-01-28 11:45:59', '2023-01-28 11:45:59', 'chama'),
(102, 'debora', 'null', 'charles', '255768271059', '2023-01-28 11:46:46', '2023-01-28 11:46:46', 'chama'),
(103, 'luda', 'mashauri', 'ndaki', '255755321735', '2023-01-28 11:47:12', '2023-01-28 11:47:12', 'chama'),
(104, 'mathayo', 'ludolo', 'mataba', '255767306587', '2023-01-28 11:47:42', '2023-01-28 11:47:42', 'chama'),
(105, 'kuyi', 'milembe', 'gililo', '255757552681', '2023-01-28 11:48:31', '2023-01-28 11:48:31', 'chama'),
(106, 'joyce', 'null', 'maduhu', '255747045349', '2023-01-28 11:48:48', '2023-01-28 11:48:48', 'chama'),
(107, 'gula', 'masunga', 'malegi', '255782076112', '2023-01-28 11:49:10', '2023-01-28 11:49:10', 'chama'),
(108, 'ngasa', 'null', 'magembe', '255785444085', '2023-01-28 11:49:30', '2023-01-28 11:49:30', 'chama'),
(109, 'musa', 'null', 'sayi', '255754756025', '2023-01-28 11:50:42', '2023-01-28 11:50:42', 'chama'),
(110, 'genda', 'masuka', 'mayaya', '255764641535', '2023-01-28 11:51:08', '2023-01-28 11:51:08', 'chama'),
(111, 'panda', 'walwa', 'dida', '255744541166', '2023-01-28 11:51:39', '2023-01-28 11:51:39', 'chama'),
(112, 'isack', 'null', 'masunga', '255754051030', '2023-01-28 11:52:02', '2023-01-28 11:52:02', 'chama'),
(113, 'masuke', 'msona', 'kulwa', '255767214573', '2023-01-28 11:52:23', '2023-01-28 11:52:23', 'chama'),
(114, 'kuyi', 'null', 'mabele', '255757948593', '2023-01-28 11:52:35', '2023-01-28 11:52:35', 'chama'),
(115, 'witness', 'haluni', 'kanuda', '255768921323', '2023-01-28 11:53:07', '2023-01-28 11:53:07', 'chama'),
(116, 'duka', 'mashauri', 'mapya', '255785650790', '2023-01-28 11:55:08', '2023-01-28 11:55:08', 'chama'),
(117, 'nyawela', 'null', 'sinda', '255788400205', '2023-01-28 11:57:07', '2023-01-28 11:57:07', 'chama'),
(118, 'kija', 'mpulukwa', 'mlewa', '255783666397', '2023-01-28 11:57:39', '2023-01-28 11:57:39', 'chama'),
(119, 'lucia', 'joseph', 'kadiliko', '255742530081', '2023-01-28 11:58:51', '2023-01-28 11:58:51', 'chama'),
(120, 'busalu', 'null', 'ndelema', '255742149218', '2023-01-28 11:58:55', '2023-01-28 11:58:55', 'chama'),
(121, 'magembe', 'null', 'ng\'walida', '255787417007', '2023-01-28 11:59:44', '2023-01-28 11:59:44', 'chama'),
(122, 'sayi', 'j', 'busindi', '255758153568', '2023-01-28 12:00:20', '2023-01-28 12:00:20', 'chama'),
(123, 'luka', 'masunga', 'magali', '255787417007', '2023-01-28 12:00:32', '2023-01-28 12:00:32', 'chama'),
(124, 'seba', 'null', 'masuke', '255628766891', '2023-01-28 12:01:38', '2023-01-28 12:01:38', 'chama'),
(125, 'Simon', 'Magembe', 'msoka', '255763433826', '2023-01-28 12:01:51', '2023-01-28 12:01:51', 'chama'),
(126, 'Nila', 'Masunga', 'Maduhu', '255788817072', '2023-01-28 12:02:53', '2023-02-08 17:13:10', 'chama'),
(127, 'magabanhya', 'null', 'goleha', '255624293784', '2023-01-28 12:03:05', '2023-01-28 12:03:05', 'chama'),
(128, 'emmanuel', 'null', 'muhunga', '255624795399', '2023-01-28 12:04:30', '2023-01-28 12:04:30', 'chama'),
(129, 'jilala', 'joseph', 'konga', '255621562393', '2023-01-28 12:06:05', '2023-01-28 12:06:05', 'chama'),
(130, 'magreth', 'null', 'ntobi', '255622990400', '2023-01-28 12:06:38', '2023-01-28 12:06:38', 'chama'),
(131, 'saka', 'null', 'lyanga', '255742160328', '2023-01-28 12:07:37', '2023-01-28 12:07:37', 'chama'),
(132, 'maduhu', 'null', 'nyembe', '255764594338', '2023-01-28 12:07:47', '2023-01-28 12:07:47', 'chama'),
(133, 'Peter', 'M', 'Sikungu', '255625687300', '2023-01-28 12:09:32', '2023-01-28 12:09:32', 'chama'),
(134, 'issa', 'null', 'ibono', '255769407454', '2023-01-28 12:09:34', '2023-01-28 12:09:34', 'chama'),
(135, 'suke', 'ngese', 'kitala', '255628347120', '2023-01-28 12:10:10', '2023-01-28 12:10:10', 'chama'),
(136, 'Butogwa', 'null', 'Samson', '255758717633', '2023-01-28 12:10:51', '2023-01-28 12:10:51', 'chama'),
(137, 'lambo', 'null', 'kalungubale', '255699620624', '2023-01-28 12:11:51', '2023-01-28 12:11:51', 'chama'),
(138, 'Kongo', 'maholela', 'mahinga', '255621787015', '2023-01-28 12:12:54', '2023-01-28 12:12:54', 'chama'),
(139, 'gulya', 'n', 'nyembe', '255625705723', '2023-01-28 12:13:03', '2023-01-28 12:13:03', 'chama'),
(140, 'Holo', 'makanga', 'mudole', '255755270866', '2023-01-28 12:13:28', '2023-01-28 12:13:28', 'chama'),
(141, 'Nyambo', 'Gasusu', 'Gagaja', '255765165396', '2023-01-28 12:14:00', '2023-01-28 12:14:00', 'chama'),
(142, 'Magamba', 'Ngusa', 'kitala', '255625132964', '2023-01-28 12:14:34', '2023-01-28 12:14:34', 'chama'),
(143, 'Milembe', 'kudeyeka', 'Saguda', '255766106649', '2023-01-28 12:15:10', '2023-01-28 12:15:10', 'chama'),
(144, 'subi', 'null', 'mabesi', '255753496317', '2023-01-28 12:15:15', '2023-01-28 12:15:15', 'chama'),
(145, 'sasila', 'null', 'boya', '255624348945', '2023-01-28 12:15:38', '2023-01-28 12:15:38', 'chama'),
(146, 'kiyaya', 'null', 'doyi', '255767405003', '2023-01-28 12:16:06', '2023-01-28 12:16:06', 'chama'),
(147, 'Mboje', 'Fatima', 'shingi', '255755974793', '2023-01-28 12:16:26', '2023-01-28 12:16:26', 'chama'),
(148, 'Msabi', 'Lwasa', 'Mlingwa', '255682323870', '2023-01-28 12:17:26', '2023-01-28 12:17:26', 'chama'),
(149, 'Edward', 'Ng\'hili', 'Masanja', '255623072164', '2023-01-28 12:18:31', '2023-01-28 12:18:31', 'chama'),
(150, 'mahize', 'null', 'nzugumya', '255752772575', '2023-01-28 12:18:40', '2023-01-28 12:18:40', 'chama'),
(151, 'Joseph', 'Robert', 'Sambila', '255755510173', '2023-01-28 12:19:23', '2023-01-28 12:19:23', 'chama'),
(152, 'segese', 'null', 'nundo', '255628364878', '2023-01-28 12:19:40', '2023-01-28 12:19:40', 'chama'),
(153, 'mvanga', 'null', 'lusingi', '255764520873', '2023-01-28 12:20:58', '2023-01-28 12:20:58', 'chama'),
(154, 'Nsiya', 'mayala', 'Masunga', '255748502662', '2023-01-28 12:21:16', '2023-01-28 12:21:16', 'chama'),
(155, 'Lenchi', 'buganda', 'Ogwa', '255769395424', '2023-01-28 12:21:53', '2023-01-28 12:21:53', 'chama'),
(156, 'Malongeta', 'Nyiga', 'Kadelya', '255746625769', '2023-01-28 12:22:36', '2023-01-28 12:22:36', 'chama'),
(157, 'isengweze', 'null', 'kilugala', '255621570452', '2023-01-28 12:22:42', '2023-01-28 12:22:42', 'chama'),
(158, 'Limbu', 'Chambani', 'matondo', '255756425257', '2023-01-28 12:23:15', '2023-01-28 12:23:15', 'chama'),
(159, 'myano', 'null', 'ngangi', '255745325480', '2023-01-28 12:23:27', '2023-01-28 12:23:27', 'chama'),
(160, 'saguda', 'null', 'ndobo', '255745325480', '2023-01-28 12:23:56', '2023-01-28 12:23:56', 'chama'),
(161, 'jaji', 'null', 'majaba', '255766010958', '2023-01-28 12:24:23', '2023-01-28 12:24:23', 'chama'),
(162, 'Saguda', 'luhumbila', 'madebe', '255747430596', '2023-01-28 12:24:46', '2023-01-28 12:24:46', 'chama'),
(163, 'Peter', 'masanzaga', 'Lwasa', '255699425722', '2023-01-28 12:25:28', '2023-01-28 12:25:28', 'chama'),
(164, 'nsiya', 'null', 'shiwa', '255742258301', '2023-01-28 12:25:52', '2023-01-28 12:25:52', 'chama'),
(165, 'Chuga', 'Nyego', 'Kipindya', '255768558531', '2023-01-28 12:26:25', '2023-01-28 12:26:25', 'chama'),
(166, 'nyangala', 'null', 'ndulu', '255687664160', '2023-01-28 12:26:59', '2023-01-28 12:26:59', 'chama'),
(167, 'Lali', 'shuga', 'Madata', '255748425821', '2023-01-28 12:27:16', '2023-01-28 12:27:16', 'chama'),
(168, 'mchenya', 'null', 'mma', '255766047463', '2023-01-28 12:27:30', '2023-01-28 12:27:30', 'chama'),
(169, 'ester', 'null', 'mabepe', '255769234758', '2023-01-28 12:29:18', '2023-01-28 12:29:18', 'chama'),
(170, 'Milu', 'mgema', 'mahindi', '255763264132', '2023-01-28 12:29:29', '2023-01-28 12:29:29', 'chama'),
(171, 'sayi', 'null', 'mashauri', '255753545943', '2023-01-28 12:29:45', '2023-01-28 12:29:45', 'chama'),
(172, 'Nheba', 'shuga', 'Madata', '255754258874', '2023-01-28 12:30:20', '2023-01-28 12:30:20', 'chama'),
(173, 'christina', 'null', 'lasiri', '255626290315', '2023-01-28 12:31:18', '2023-01-28 12:31:18', 'chama'),
(174, 'Salyuka', 'Msobi', 'Nhandi', '255755810842', '2023-01-28 12:31:41', '2023-01-28 12:31:41', 'chama'),
(175, 'sabuyi', 'null', 'hoja', '255786679954', '2023-01-28 12:32:13', '2023-01-28 12:32:13', 'chama'),
(176, 'Samike', 'subi', 'Nhogolo', '255742981403', '2023-01-28 12:32:45', '2023-01-28 12:32:45', 'chama'),
(177, 'panda', 'chambani', 'panda', '255757821283', '2023-01-28 12:33:47', '2023-01-28 12:33:47', 'chama'),
(178, 'nyalugosi', 'null', 'kisena', '255629929072', '2023-01-28 12:34:16', '2023-01-28 12:34:16', 'chama'),
(179, 'Kazi', 'Saguda', 'Dede', '255744398759', '2023-01-28 12:34:30', '2023-01-28 12:34:30', 'chama'),
(180, 'masuka', 'null', 'mabuga', '255758469205', '2023-01-28 12:35:28', '2023-01-28 12:35:28', 'chama'),
(181, 'nila', 'null', 'kancho', '255753192027', '2023-01-28 12:36:56', '2023-01-28 12:36:56', 'chama'),
(182, 'malaba', 'null', 'malimi', '255685649586', '2023-01-28 12:37:39', '2023-01-28 12:37:39', 'chama'),
(183, 'Sambula', 'null', 'Maduhu', '255755050690', '2023-01-28 12:54:02', '2023-01-28 12:54:02', 'chama'),
(184, 'Maduhu', 'null', 'Luswaga', '255757869349', '2023-01-28 12:55:16', '2023-01-28 12:55:16', 'chama'),
(185, 'Masunga', 'null', 'Njasi', '255757869349', '2023-01-28 12:56:27', '2023-01-28 12:56:27', 'chama'),
(186, 'Oscar', 'null', 'Fabian', '255744130102', '2023-01-28 12:57:15', '2023-01-28 12:57:15', 'chama'),
(187, 'Nsola', 'null', 'Bahini', '255628307845', '2023-01-28 12:58:29', '2023-01-28 12:58:29', 'chama'),
(188, 'Masuke', 'null', 'Lutego', '255747328357', '2023-01-28 12:59:48', '2023-01-28 12:59:48', 'chama'),
(189, 'Limbu', 'null', 'mlelema', '255766752253', '2023-01-28 13:35:49', '2023-01-28 13:35:49', 'chama'),
(190, 'Misambo', 'null', 'Charles', '255742523380', '2023-01-28 13:37:12', '2023-01-28 13:37:12', 'chama'),
(191, 'Ng\'humbu', 'null', 'nzige', '255747531191', '2023-01-28 13:38:06', '2023-01-28 13:38:06', 'chama'),
(192, 'Masunga', 'null', 'luswaga', '255629441376', '2023-01-28 13:38:47', '2023-01-28 13:38:47', 'chama'),
(193, 'Maige', 'null', 'Saguda', '255629441376', '2023-01-28 13:40:01', '2023-01-28 13:40:01', 'chama'),
(194, 'Ng\'wasi', 'null', 'mgema', '255629441376', '2023-01-28 13:40:38', '2023-01-28 13:40:38', 'chama'),
(195, 'Katambi', 'null', 'kilunja', '255688917968', '2023-01-28 13:41:42', '2023-01-28 13:41:42', 'chama'),
(196, 'Mboje', 'null', 'Mashe', '255761640056', '2023-01-28 13:42:58', '2023-01-28 13:42:58', 'chama'),
(197, 'Sayi', 'null', 'Elisha', '255742595302', '2023-01-28 13:43:40', '2023-01-28 13:43:40', 'chama'),
(198, 'Emmanuel', 'null', 'Kushibanda', '255747386113', '2023-01-28 13:44:15', '2023-01-28 13:44:15', 'chama'),
(199, 'Nima', 'null', 'lusasi', '255759771456', '2023-01-28 14:01:02', '2023-01-28 14:01:02', 'chama'),
(200, 'Nkwabi', 'null', 'Kulwa', '255752141280', '2023-01-28 14:02:07', '2023-01-28 14:02:07', 'chama'),
(201, 'Elias', 'null', 'mgatakona', '255753150002', '2023-01-28 14:03:21', '2023-01-28 14:03:21', 'chama'),
(202, 'Safari', 'null', 'Ng\'habi', '255746081285', '2023-01-28 14:04:18', '2023-01-28 14:04:18', 'chama'),
(203, 'Edwina', 'null', 'Jonh', '255741100189', '2023-01-28 14:05:01', '2023-01-28 14:05:01', 'chama'),
(204, 'Juma', 'null', 'kukudi', '255766425675', '2023-01-28 14:06:01', '2023-01-28 14:06:01', 'chama'),
(205, 'yusuph', 'null', 'Ramadhan', '255752590431', '2023-01-28 14:08:59', '2023-01-28 14:08:59', 'chama'),
(206, 'Daud', 'null', 'Charles', '255764341571', '2023-01-28 14:09:41', '2023-01-28 14:09:41', 'chama'),
(207, 'Tunzi', 'null', 'hatari', '255764341571', '2023-01-28 14:11:16', '2023-01-28 14:11:16', 'chama'),
(208, 'Sitta', 'null', 'lusasi', '255753533711', '2023-01-28 14:12:00', '2023-01-28 14:12:00', 'chama'),
(209, 'Jabasi', 'null', 'Luswaga', '255746306703', '2023-01-28 14:12:35', '2023-01-28 14:12:35', 'chama'),
(210, 'Nyabangi', 'null', 'mahangila', '255624060456', '2023-01-28 14:29:15', '2023-01-28 14:29:15', 'chama'),
(211, 'Wastani', 'null', 'sigilu', '255620535807', '2023-01-28 14:29:53', '2023-01-28 14:29:53', 'chama'),
(212, 'John', 'null', 'ikoli', '255621774850', '2023-01-28 14:33:56', '2023-01-28 14:33:56', 'chama'),
(213, 'rose', 'daudi', 'nkune', '255754642616', '2023-01-28 14:39:45', '2023-01-28 14:39:45', 'chama'),
(214, 'minza', 'null', 'nyanda', '255754642616', '2023-01-28 14:40:16', '2023-01-28 14:40:16', 'chama'),
(215, 'Masunga', 'null', 'john', '255688706102', '2023-01-28 14:40:31', '2023-01-28 14:40:31', 'chama'),
(216, 'minza', 'null', 'kilya', '255687403375', '2023-01-28 14:42:16', '2023-01-28 14:42:16', 'chama'),
(217, 'Hang', 'null', 'Nsolima', '255789551868', '2023-01-28 14:42:42', '2023-01-28 14:42:42', 'chama'),
(218, 'felister', 'manoni', 'lubili', '255687403375', '2023-01-28 14:42:55', '2023-01-28 14:42:55', 'chama'),
(219, 'Martine', 'null', 'null', '255629064070', '2023-01-28 14:43:13', '2023-01-28 14:43:13', 'chama'),
(220, 'Joshua', 'null', 'mashini', '255758320849', '2023-01-28 14:43:47', '2023-01-28 14:43:47', 'chama'),
(221, 'Magile', 'null', 'Maduhu', '255745451104', '2023-01-28 14:44:04', '2023-01-28 14:44:04', 'chama'),
(222, 'Businga', 'null', 'Masanja', '255621925234', '2023-01-28 14:44:23', '2023-01-28 14:44:23', 'chama'),
(223, 'ndamo', 'null', 'null', '255758120747', '2023-01-28 14:44:46', '2023-01-28 14:44:46', 'chama'),
(224, 'Mkilili', 'null', 'Ndulu', '255767818758', '2023-01-28 14:44:51', '2023-01-28 14:44:51', 'chama'),
(225, 'Maduhu', 'null', 'Nila', '255676660762', '2023-01-28 14:45:23', '2023-01-28 14:45:23', 'chama'),
(226, 'Thomas', 'null', 'kapangala', '255789336534', '2023-01-28 14:45:50', '2023-01-28 14:45:50', 'chama'),
(227, 'Masabo', 'null', 'Ng\'ong\'o', '255676660762', '2023-01-28 14:45:52', '2023-01-28 14:45:52', 'chama'),
(228, 'Kulwa', 'null', 'Maduhu', '255782207016', '2023-01-28 14:46:47', '2023-01-28 14:46:47', 'chama'),
(229, 'Soli', 'null', 'kusekwa', '255785410108', '2023-01-28 14:47:17', '2023-01-28 14:47:17', 'chama'),
(230, 'minza', 'null', 'halamba', '255628548130', '2023-01-28 14:47:29', '2023-01-28 14:47:29', 'chama'),
(231, 'Nzoka', 'null', 'Sanga', '255673138906', '2023-01-28 14:47:38', '2023-01-28 14:47:38', 'chama'),
(232, 'kwandu', 'null', 'nyanda', '255628548130', '2023-01-28 14:48:06', '2023-01-28 14:48:06', 'chama'),
(233, 'Lukuba', 'null', 'Masuke', '255785729977', '2023-01-28 14:48:12', '2023-01-28 14:48:12', 'chama'),
(234, 'Lameck', 'null', 'Edward', '255625920548', '2023-01-28 14:48:35', '2023-01-28 14:48:35', 'chama'),
(235, 'Maningu', 'null', 'Omar', '255685238479', '2023-01-28 14:48:35', '2023-01-28 14:48:35', 'chama'),
(236, 'Hatili', 'null', 'Buyoga', '255782960572', '2023-01-28 14:50:44', '2023-01-28 14:50:44', 'chama'),
(237, 'Lucia', 'null', 'port', '255744009713', '2023-01-28 14:52:03', '2023-01-28 14:52:03', 'chama'),
(238, 'Nkinda', 'null', 'manela', '255787697660', '2023-01-28 14:54:18', '2023-01-28 14:54:18', 'chama'),
(239, 'Kulende', 'null', 'kugema', '255621322571', '2023-01-28 14:54:52', '2023-01-28 14:54:52', 'chama'),
(240, 'Eriezari', 'null', 'Gakome', '255684594647', '2023-01-28 14:55:00', '2023-01-28 14:55:00', 'chama'),
(241, 'Masuke', 'null', 'masunga', '255688056368', '2023-01-28 14:55:28', '2023-01-28 14:55:28', 'chama'),
(242, 'Bahati', 'null', 'Ng\'ombe', '255621164010', '2023-01-28 14:55:31', '2023-01-28 14:55:31', 'chama'),
(243, 'mary', 'null', 'leonard', '255628548130', '2023-01-28 14:55:49', '2023-02-11 18:12:34', 'chama'),
(244, 'Dilu', 'null', 'itina', '255682787075', '2023-01-28 14:55:57', '2023-01-28 14:55:57', 'chama'),
(245, 'masuke', 'null', 'kiyaya', '255623688520', '2023-01-28 14:56:01', '2023-01-28 14:56:01', 'chama'),
(246, 'Sivanus', 'null', 'itina', '255682787075', '2023-01-28 14:56:32', '2023-01-28 14:56:32', 'chama'),
(247, 'bahati', 'null', 'ng\'ombe', '255621164010', '2023-01-28 14:56:45', '2023-01-28 14:56:45', 'chama'),
(248, 'Singu', 'null', 'Mabula', '255785926638', '2023-01-28 14:57:04', '2023-01-28 14:57:04', 'chama'),
(249, 'Salu', 'null', 'misiri', '255787914473', '2023-01-28 14:57:17', '2023-01-28 14:57:17', 'chama'),
(250, 'Mary', 'null', 'Nzumbi', '255715237565', '2023-01-28 14:57:37', '2023-01-28 14:57:37', 'chama'),
(251, 'Mathias', 'null', 'Lushina', '255692404343', '2023-01-28 14:57:42', '2023-01-28 14:57:42', 'chama'),
(252, 'Emanuel', 'null', 'Haima', '255785926638', '2023-01-28 14:58:05', '2023-01-28 14:58:05', 'chama'),
(253, 'Sokoni', 'null', 'Malwa', '255692404343', '2023-01-28 14:58:12', '2023-01-28 14:58:12', 'chama'),
(254, 'Clement', 'null', 'Yohana', '255787185948', '2023-01-28 14:58:41', '2023-01-28 14:58:41', 'chama'),
(255, 'Debora', 'null', 'Masasi', '255785926638', '2023-01-28 14:58:41', '2023-01-28 14:58:41', 'chama'),
(256, 'hellen', 'null', 'james', '255684693123', '2023-01-28 14:58:42', '2023-01-28 14:58:42', 'chama'),
(257, 'Joseph', 'null', 'Gaga', '255786499299', '2023-01-28 14:59:16', '2023-01-28 14:59:16', 'chama'),
(258, 'scholastica', 'null', 'matondo', '255684693123', '2023-01-28 14:59:17', '2023-01-28 14:59:17', 'chama'),
(259, 'Elias', 'null', 'kulwa', '255688442672', '2023-01-28 14:59:23', '2023-01-28 14:59:23', 'chama'),
(260, 'Christina', 'null', 'Nzumbi', '255688562857', '2023-01-28 14:59:53', '2023-01-28 14:59:53', 'chama'),
(261, 'Mathias', 'null', 'kikuba', '255687009642', '2023-01-28 15:00:04', '2023-01-28 15:00:04', 'chama'),
(262, 'Isack', 'null', 'Ndimila', '255688562857', '2023-01-28 15:00:29', '2023-01-28 15:00:29', 'chama'),
(263, 'Nchambi', 'null', 'kulwa', '255788361726', '2023-01-28 15:01:39', '2023-01-28 15:01:39', 'chama'),
(264, 'Philipo', 'null', 'Charles', '255682646729', '2023-01-28 15:01:41', '2023-01-28 15:01:41', 'chama'),
(265, 'Mbuke', 'null', 'mayunga', '255682646729', '2023-01-28 15:02:03', '2023-01-28 15:02:03', 'chama'),
(266, 'Bahame', 'null', 'mbogo', '255785489561', '2023-01-28 15:02:45', '2023-01-28 15:02:45', 'chama'),
(267, 'Sayi', 'null', 'kishosha', '255763388219', '2023-01-28 15:02:54', '2023-01-28 15:02:54', 'chama'),
(268, 'Choza', 'null', 'Singili', '255682142777', '2023-01-28 15:03:26', '2023-01-28 15:03:26', 'chama'),
(269, 'Maduhu', 'null', 'Ng\'habi', '255625685343', '2023-01-28 15:03:32', '2023-01-28 15:03:32', 'chama'),
(270, 'Marco', 'null', 'ikoli', '255766158824', '2023-01-28 15:03:56', '2023-01-28 15:03:56', 'chama'),
(271, 'Limbu', 'null', 'Kidako', '255627409426', '2023-01-28 15:04:36', '2023-01-28 15:04:36', 'chama'),
(272, 'Budete', 'null', 'maligisi', '255786275704', '2023-01-28 15:05:57', '2023-01-28 15:05:57', 'chama'),
(273, 'Michael', 'null', 'Isomba', '255623196476', '2023-01-28 15:06:35', '2023-01-28 15:06:35', 'chama'),
(274, 'prisca', 'null', 'aseno', '255788755925', '2023-01-28 15:06:51', '2023-01-28 15:06:51', 'chama'),
(275, 'Maduhu', 'null', 'Sanguda', '255765257202', '2023-01-28 15:07:14', '2023-01-28 15:07:14', 'chama'),
(276, 'prisca', 'c', 'nkenyenge', '255788755925', '2023-01-28 15:07:25', '2023-01-28 15:07:25', 'chama'),
(277, 'George', 'null', 'Deus', '255789336534', '2023-01-28 15:07:39', '2023-01-28 15:07:39', 'chama'),
(278, 'Subi', 'null', 'null', '255752533256', '2023-01-28 15:08:01', '2023-01-28 15:08:01', 'chama'),
(279, 'martha', 'null', 'hamisi', '255785016550', '2023-01-28 15:08:02', '2023-01-28 15:08:02', 'chama'),
(280, 'Anasitazia', 'null', 'Maduhu', '255764831550', '2023-01-28 15:08:31', '2023-01-28 15:08:31', 'chama'),
(281, 'yulita', 'null', 'madeleke', '255693927714', '2023-01-28 15:08:37', '2023-01-28 15:08:37', 'chama'),
(282, 'Nkinda', 'null', 'Gololi', '255689542821', '2023-01-28 15:09:16', '2023-01-28 15:09:16', 'chama'),
(283, 'esther', 'null', 'masanja', '255684512238', '2023-01-28 15:10:45', '2023-01-28 15:10:45', 'chama'),
(284, 'Sayi', 'null', 'Mangesha', '255746652682', '2023-01-28 15:10:49', '2023-01-28 15:10:49', 'chama'),
(285, 'Thomas', 'null', 'kapangala', '255789336534', '2023-01-28 15:10:49', '2023-01-28 15:10:49', 'chama'),
(286, 'justina', 'null', 'masuke', '255684512238', '2023-01-28 15:11:07', '2023-01-28 15:11:07', 'chama'),
(287, 'Nkwaya', 'null', 'Maige', '255685685795', '2023-01-28 15:11:24', '2023-01-28 15:11:24', 'chama'),
(288, 'Simoni', 'null', 'kipandila', '255785171016', '2023-01-28 15:11:56', '2023-01-28 15:11:56', 'chama'),
(289, 'annastazia', 'null', 'magembe', '255753915574', '2023-01-28 15:12:27', '2023-01-28 15:12:27', 'chama'),
(290, 'Samweli', 'null', 'Mange', '255785171016', '2023-01-28 15:12:28', '2023-01-28 15:12:28', 'chama'),
(291, 'agnes', 'null', 'igoko', '255656667667', '2023-01-28 15:13:05', '2023-01-28 15:13:05', 'chama'),
(292, 'Saguda', 'null', 'Limi', '255754544620', '2023-01-28 15:13:16', '2023-01-28 15:13:16', 'chama'),
(293, 'Erick', 'null', 'Nyolobi', '255629630170', '2023-01-28 15:13:41', '2023-01-28 15:13:41', 'chama'),
(294, 'victoria', 'null', 'elias', '255788364419', '2023-01-28 15:14:00', '2023-01-28 15:14:00', 'chama'),
(295, 'Loja', 'null', 'Peter', '255769081163', '2023-01-28 15:14:20', '2023-01-28 15:14:20', 'chama'),
(296, 'fikiri', 'null', 'james', '255683727401', '2023-01-28 15:14:23', '2023-01-28 15:14:23', 'chama'),
(297, 'lambo', 'null', 'masasila', '255752394439', '2023-01-28 15:14:50', '2023-01-28 15:14:50', 'chama'),
(298, 'Bonifance', 'null', 'Kasili', '255745913379', '2023-01-28 15:15:00', '2023-01-28 15:15:00', 'chama'),
(299, 'maria', 'null', 'john', '255656964254', '2023-01-28 15:15:10', '2023-01-28 15:15:10', 'chama'),
(300, 'sophia', 'null', 'bupilipili', '255752331472', '2023-01-28 15:16:10', '2023-01-28 15:16:10', 'chama'),
(301, 'monica', 'null', 'ikangila', '255752331472', '2023-01-28 15:16:42', '2023-01-28 15:16:42', 'chama'),
(302, 'salome', 'null', 'hezeron', '255745398842', '2023-01-28 15:17:37', '2023-01-28 15:17:37', 'chama'),
(303, 'sophia', 'null', 'gabesi', '255688994763', '2023-01-28 15:17:57', '2023-01-28 15:17:57', 'chama'),
(304, 'minza', 'null', 'masuke', '255688450954', '2023-01-28 15:18:38', '2023-01-28 15:18:38', 'chama'),
(305, 'magdalena', 'null', 'gabriel', '255764548130', '2023-01-28 15:19:32', '2023-01-28 15:19:32', 'chama'),
(306, 'Yakobo', 'null', 'Majangata', '255785611067', '2023-01-28 15:20:38', '2023-01-28 15:20:38', 'chama'),
(307, 'Shenye', 'null', 'Walaga', '255719983501', '2023-01-28 15:30:05', '2023-01-28 15:30:05', 'chama'),
(308, 'Eleni', 'null', 'Lusigi', '255686325128', '2023-01-28 15:31:18', '2023-01-28 15:31:18', 'chama'),
(309, 'Musa', 'null', 'Mathias', '255759271113', '2023-01-28 15:33:13', '2023-01-28 15:33:13', 'chama'),
(310, 'Sayi', 'null', 'Sayi', '255654484868', '2023-01-28 15:34:02', '2023-01-28 15:34:02', 'chama'),
(311, 'agnes', 'null', 'lupiga', '255625992915', '2023-01-28 15:35:49', '2023-01-28 15:35:49', 'chama'),
(312, 'maryciana', 'null', 'malugu', '255784884994', '2023-01-28 15:36:18', '2023-01-28 15:36:18', 'chama'),
(313, 'Sunzu', 'null', 'Lubapula', '255744119019', '2023-01-28 15:36:27', '2023-01-28 15:36:27', 'chama'),
(314, 'Amedeo', 'null', 'Japhet', '255624360379', '2023-01-28 15:37:40', '2023-01-28 15:37:40', 'chama'),
(315, 'Elias', 'null', 'Muhango', '255756187477', '2023-01-28 15:38:22', '2023-01-28 15:38:22', 'chama'),
(316, 'Musa', 'null', 'Magatano', '255745673748', '2023-01-28 15:40:53', '2023-01-28 15:40:53', 'chama'),
(317, 'Sayi', 'null', 'Joseph', '255759384417', '2023-01-28 15:41:30', '2023-01-28 15:41:30', 'chama'),
(318, 'mbuke', 'null', 'inundo', '255743168319', '2023-01-28 15:41:53', '2023-01-28 15:41:53', 'chama'),
(319, 'Gidioni', 'null', 'Joseph', '255747197471', '2023-01-28 15:42:13', '2023-01-28 15:42:13', 'chama'),
(320, 'hollo', 'null', 'ng\'honela', '255756067807', '2023-01-28 15:42:51', '2023-01-28 15:42:51', 'chama'),
(321, 'Magundo', 'null', 'Makelele', '255755646107', '2023-01-28 15:43:00', '2023-01-28 15:43:00', 'chama'),
(322, 'Misoji', 'null', 'Lugwisha', '255755646107', '2023-01-28 15:43:36', '2023-01-28 15:43:36', 'chama'),
(323, 'nsiya', 'null', 'saguda', '255757712405', '2023-01-28 15:48:59', '2023-01-28 15:48:59', 'chama'),
(324, 'mwipagi', 'null', 'mahela', '255745312236', '2023-01-28 15:49:25', '2023-01-28 15:49:25', 'chama'),
(325, 'Lucas', 'null', 'Blandi', '255766016855', '2023-01-28 15:49:41', '2023-01-28 15:49:41', 'chama'),
(326, 'flora', 'null', 'paulin', '255746070204', '2023-01-28 15:50:12', '2023-01-28 15:50:12', 'chama'),
(327, 'ng\'wasi', 'null', 'saguda', '255699359514', '2023-01-28 15:50:45', '2023-01-28 15:50:45', 'chama'),
(328, 'Hoja', 'null', 'Samsoni', '255746845455', '2023-01-28 15:51:13', '2023-01-28 15:51:13', 'chama'),
(329, 'mariam', 'null', 'joseph', '255785042189', '2023-01-28 15:51:34', '2023-01-28 15:51:34', 'chama'),
(330, 'John', 'null', 'Tangamba', '255719512299', '2023-01-28 15:51:38', '2023-01-28 15:51:38', 'chama'),
(331, 'helena', 'null', 'Mwalangano', '255683731516', '2023-01-28 16:30:44', '2023-02-11 18:16:05', 'chama'),
(332, 'roda', 'null', 'ephraim', '255762600622', '2023-01-28 16:31:57', '2023-01-28 16:31:57', 'chama'),
(333, 'Ester', 'null', 'Noni', '255687810787', '2023-01-28 16:32:22', '2023-02-11 19:57:54', 'chama'),
(334, 'Tumaini', 'null', 'Igembe', '255719512299', '2023-01-28 16:33:17', '2023-01-28 16:33:17', 'chama'),
(335, 'kundi', 'null', 'nsabi', '255785781839', '2023-01-28 16:34:45', '2023-01-28 16:34:45', 'chama'),
(336, 'limi', 'null', 'maheta', '255785679730', '2023-01-28 16:36:42', '2023-01-28 16:36:42', 'chama'),
(337, 'lulu', 'null', 'siladi', '255785679730', '2023-01-28 16:38:50', '2023-01-28 16:38:50', 'chama'),
(338, 'nsiya', 'null', 'samwel', '255744936633', '2023-01-28 16:40:35', '2023-01-28 16:40:35', 'chama'),
(339, 'John', 'null', 'Ngala', '255758740925', '2023-01-28 16:43:41', '2023-01-28 16:43:41', 'chama'),
(340, 'Raulent', 'null', 'Philipo', '255753302327', '2023-01-28 16:44:20', '2023-01-28 16:44:20', 'chama'),
(341, 'Petro', 'null', 'John', '255764594485', '2023-01-28 16:44:49', '2023-01-28 16:44:49', 'chama'),
(342, 'Emanuel', 'null', 'Ndinganya', '255764594485', '2023-01-28 16:45:28', '2023-01-28 16:45:28', 'chama'),
(343, 'Charles', 'null', 'Mbele', '255748615231', '2023-01-28 16:46:41', '2023-01-28 16:46:41', 'chama'),
(344, 'Richard', 'null', 'James', '255759166697', '2023-01-28 16:47:23', '2023-01-28 16:47:23', 'chama'),
(345, 'Petro', 'null', 'Mabula', '255765953897', '2023-01-28 16:48:07', '2023-01-28 16:48:07', 'chama'),
(346, 'Richard', 'null', 'James', '255759166697', '2023-01-28 16:49:10', '2023-01-28 16:49:10', 'chama'),
(347, 'Antony', 'null', 'Majalu', '255687937793', '2023-01-28 17:04:31', '2023-01-28 17:04:31', 'chama'),
(348, 'Zacharia', 'null', 'Khilikale', '255785519125', '2023-01-28 17:05:43', '2023-01-28 17:05:43', 'chama'),
(349, 'Gelewa', 'null', 'Nyenye', '255627239290', '2023-01-28 17:06:26', '2023-01-28 17:06:26', 'chama'),
(350, 'Manyanda', 'null', 'null', '255785858748', '2023-01-28 17:06:59', '2023-01-28 17:06:59', 'chama'),
(351, 'Baraka', 'null', 'Erasto', '255756555583', '2023-01-28 17:08:04', '2023-01-28 17:08:04', 'chama'),
(352, 'Winfrinda', 'null', 'Mandago', '255626761214', '2023-01-28 17:08:59', '2023-01-28 17:08:59', 'chama'),
(353, 'Maduhu', 'null', 'mapula', '255685961147', '2023-01-28 17:09:58', '2023-01-28 17:09:58', 'chama'),
(354, 'Lukuba', 'null', 'Masune', '255786202471', '2023-01-28 17:10:28', '2023-01-28 17:10:28', 'chama'),
(355, 'Kidayi', 'null', 'zabrone', '255688421914', '2023-01-28 17:11:06', '2023-01-28 17:11:06', 'chama'),
(356, 'Majingwa', 'null', 'ihoyelo', '255688421914', '2023-01-28 17:11:49', '2023-01-28 17:11:49', 'chama'),
(357, 'Mabula', 'null', 'njile', '255746992449', '2023-01-28 17:12:51', '2023-01-28 17:12:51', 'chama'),
(358, 'Joseph', 'null', 'kisinza', '255684702171', '2023-01-28 17:13:25', '2023-01-28 17:13:25', 'chama'),
(359, 'Nyema', 'null', 'suligi', '255682903325', '2023-01-28 17:13:56', '2023-01-28 17:13:56', 'chama'),
(360, 'Veronika', 'null', 'nhandi', '255687417527', '2023-01-28 17:14:25', '2023-01-28 17:14:25', 'chama'),
(361, 'Yohana', 'null', 'Bukelebe', '255688075590', '2023-01-28 17:15:07', '2023-01-28 17:15:07', 'chama'),
(362, 'Maduhu', 'null', 'Nyalulu', '255787497871', '2023-01-28 17:15:34', '2023-01-28 17:15:34', 'chama'),
(363, 'Nyalali', 'null', 'masilimbi', '255762088554', '2023-01-28 17:15:57', '2023-01-28 17:15:57', 'chama'),
(364, 'Luge', 'null', 'Tunjo', '255762088554', '2023-01-28 17:16:46', '2023-01-28 17:16:46', 'chama'),
(365, 'Nyenye', 'null', 'Tunge', '255786964739', '2023-01-28 17:17:25', '2023-01-28 17:17:25', 'chama'),
(366, 'Dowa', 'null', 'kimulahi', '255685881820', '2023-01-28 17:18:04', '2023-01-28 17:18:04', 'chama'),
(367, 'Mayanzi', 'null', 'masanja', '255689418471', '2023-01-28 17:18:32', '2023-01-28 17:18:32', 'chama'),
(368, 'Mesu', 'null', 'Tinga', '255689418471', '2023-01-28 17:19:36', '2023-01-28 17:19:36', 'chama'),
(369, 'Mgema', 'null', 'mwendesha', '255786950524', '2023-01-28 17:20:39', '2023-01-28 17:20:39', 'chama'),
(370, 'Tabu', 'null', 'Juma', '255686322919', '2023-01-28 17:21:12', '2023-01-28 17:21:12', 'chama'),
(371, 'Safari', 'null', 'masunga', '255686323460', '2023-01-28 17:22:30', '2023-01-28 17:22:30', 'chama'),
(372, 'Daudi', 'null', 'File', '255686323460', '2023-01-28 17:23:07', '2023-01-28 17:23:07', 'chama'),
(373, 'Yusuph', 'null', 'masalabenge', '255789950524', '2023-01-28 17:23:47', '2023-01-28 17:23:47', 'chama'),
(374, 'Joseph', 'null', 'masang\'hwa', '255688754359', '2023-01-28 17:24:54', '2023-01-28 17:24:54', 'chama'),
(375, 'Emanuel', 'null', 'kashele', '255699232080', '2023-01-28 17:25:59', '2023-01-28 17:25:59', 'chama'),
(376, 'Lugembe', 'null', 'Charles', '255699232080', '2023-01-28 17:26:32', '2023-01-28 17:26:32', 'chama'),
(377, 'MASUKE', 'null', 'JOSEPH', '255783512558', '2023-01-28 18:05:52', '2023-01-28 18:05:52', 'chama'),
(378, 'THOMAS', 'null', 'TEMBO', '255765041256', '2023-01-28 18:06:57', '2023-01-28 18:06:57', 'chama'),
(379, 'JAKSON', 'null', 'IKONG\'ONG\'O', '255765041256', '2023-01-28 18:08:05', '2023-01-28 18:08:05', 'chama'),
(380, 'JONAS', 'null', 'NYAENA', '255765041256', '2023-01-28 18:09:03', '2023-01-28 18:09:03', 'chama'),
(381, 'Masunga', 'null', 'Sitta', '255769445337', '2023-01-28 18:13:58', '2023-01-28 18:13:58', 'chama'),
(382, 'Samwel', 'null', 'Lukas', '255769445337', '2023-01-28 18:14:37', '2023-01-28 18:14:37', 'chama'),
(383, 'Francis', 'null', 'Kahindi', '255758751045', '2023-01-28 18:15:28', '2023-01-28 18:15:28', 'chama'),
(384, 'Malongo', 'null', 'Maduhu', '255758751045', '2023-01-28 18:16:11', '2023-01-28 18:16:11', 'chama'),
(385, 'Paul', 'null', 'Mboje', '255748174424', '2023-01-28 18:17:19', '2023-01-28 18:17:19', 'chama'),
(386, 'SOFIA', 'null', 'CHALRES', '255748174424', '2023-01-28 18:17:55', '2023-01-28 18:17:55', 'chama'),
(387, 'GOYAYI', 'null', 'CHIBULA', '255755424619', '2023-01-28 18:18:39', '2023-01-28 18:18:39', 'chama'),
(388, 'MADUHU', 'null', 'JASAMILA', '255755424619', '2023-01-28 18:19:41', '2023-01-28 18:19:41', 'chama'),
(389, 'SHETELA', 'null', 'MAPEMA', '255769100285', '2023-01-28 18:20:27', '2023-01-28 18:20:27', 'chama'),
(390, 'DANIEL', 'null', 'BUNUMA', '255769843203', '2023-01-28 18:21:36', '2023-01-28 18:21:36', 'chama'),
(391, 'YOHANA', 'null', 'LIGU', '255769843203', '2023-01-28 18:22:16', '2023-01-28 18:22:16', 'chama'),
(392, 'MALUGU', 'null', 'NSULWA', '255656870617', '2023-01-28 18:22:50', '2023-01-28 18:22:50', 'chama'),
(393, 'JUMA', 'null', 'LYANGENI', '255656870617', '2023-01-28 18:23:27', '2023-01-28 18:23:27', 'chama'),
(394, 'KASUKA', 'null', 'JIJI', '255752487666', '2023-01-28 18:24:15', '2023-01-28 18:24:15', 'chama'),
(395, 'MCHELE', 'null', 'MAHELA', '255755066120', '2023-01-28 18:24:43', '2023-01-28 18:24:43', 'chama'),
(396, 'KIMOLA', 'null', 'SAGUDA', '255717632203', '2023-01-28 18:25:14', '2023-01-28 18:25:14', 'chama'),
(397, 'AYUBU', 'null', 'MAPESA', '255717632203', '2023-01-28 18:25:47', '2023-01-28 18:25:47', 'chama'),
(398, 'MADUHU', 'null', 'BUGALI', '255719502918', '2023-01-28 18:26:35', '2023-01-28 18:26:35', 'chama'),
(399, 'CHANILA', 'null', 'KISULA', '255719502918', '2023-01-28 18:27:07', '2023-01-28 18:27:07', 'chama'),
(400, 'PETRO', 'null', 'SEBASTIAN', '255719502918', '2023-01-28 18:27:48', '2023-01-28 18:27:48', 'chama'),
(401, 'MALIKO', 'null', 'SEBASTIAN', '255719502918', '2023-01-28 18:28:25', '2023-01-28 18:28:25', 'chama'),
(402, 'NJEGELO', 'null', 'NDONGO', '255785204964', '2023-01-28 18:29:40', '2023-01-28 18:29:40', 'chama'),
(403, 'DOTO', 'null', 'IBLAHIM', '255785204964', '2023-01-28 18:30:08', '2023-01-28 18:30:08', 'chama'),
(404, 'NDULU', 'null', 'JOSEPH', '255784922524', '2023-01-28 18:30:51', '2023-01-28 18:30:51', 'chama'),
(405, 'NGEKEMI', 'null', 'KISANDU', '255784922524', '2023-01-28 18:31:18', '2023-01-28 18:31:18', 'chama'),
(406, 'MASANJA', 'null', 'SWEKA', '255762397464', '2023-01-28 18:32:15', '2023-01-28 18:32:15', 'chama'),
(407, 'SAYI', 'null', 'MTUNG\'WA', '255757433255', '2023-01-28 18:32:51', '2023-01-28 18:32:51', 'chama'),
(408, 'SASA', 'null', 'MAGANYALI', '255768555758', '2023-01-28 18:34:23', '2023-01-28 18:34:23', 'chama'),
(409, 'MAKOYE', 'null', 'SWEKA', '255768555758', '2023-01-28 18:35:48', '2023-01-28 18:35:48', 'chama'),
(410, 'MAGEMBE', 'null', 'MATUJA', '255755655541', '2023-01-29 15:37:34', '2023-01-29 15:37:34', 'chama'),
(411, 'MASUKE', 'null', 'NHINDI', '255785230858', '2023-01-29 15:38:19', '2023-01-29 15:38:19', 'chama'),
(412, 'SIMBAYU', 'null', 'KUSELYA', '255782653867', '2023-01-29 15:38:57', '2023-01-29 15:38:57', 'chama'),
(413, 'WITNESS', 'null', 'MBOGO', '255767864404', '2023-01-29 15:39:46', '2023-01-29 15:39:46', 'chama'),
(414, 'ELIAS', 'null', 'MASANJA', '255769379982', '2023-01-29 15:40:22', '2023-01-29 15:40:22', 'chama'),
(415, 'MITANDA', 'null', 'SHENYE', '255746570582', '2023-01-29 15:41:04', '2023-01-29 15:41:04', 'chama'),
(416, 'WILIAM', 'null', 'JOHALA', '255684428164', '2023-01-29 15:41:54', '2023-01-29 15:41:54', 'chama'),
(417, 'PENDO', 'null', 'MAHULA', '255753276951', '2023-01-29 15:43:44', '2023-01-29 15:43:44', 'chama'),
(418, 'JOHN', 'null', 'KINAKINA', '255737361477', '2023-01-29 15:45:56', '2023-01-29 15:45:56', 'chama'),
(419, 'NJILE', 'null', 'NGOKOLO', '255694381911', '2023-01-29 15:46:51', '2023-01-29 15:46:51', 'chama'),
(420, 'PASTORY', 'null', 'SEGENGE', '255743550940', '2023-01-29 15:47:29', '2023-01-29 15:47:29', 'chama'),
(421, 'ZAINABU', 'null', 'ALLY', '255688888397', '2023-01-29 15:48:07', '2023-01-29 15:48:07', 'chama'),
(422, 'KIJA', 'null', 'NTANI', '255757836162', '2023-01-29 15:51:41', '2023-01-29 15:51:41', 'chama'),
(423, 'MASUKE', 'null', 'GWALUGWA', '255742308341', '2023-01-29 15:52:16', '2023-01-29 15:52:16', 'chama'),
(424, 'MUHAMIZI', 'null', 'SAGUDA', '255788929304', '2023-01-29 15:52:50', '2023-01-29 15:52:50', 'chama'),
(425, 'MASUNGA', 'null', 'SAGUDA', '255755784848', '2023-01-29 15:53:25', '2023-01-29 15:53:25', 'chama'),
(426, 'JOSEPH', 'null', 'MBOGO', '255767440363', '2023-01-29 15:54:20', '2023-01-29 15:54:20', 'chama'),
(427, 'GWANAGWA', 'null', 'MALIMI', '255747863795', '2023-01-29 15:54:44', '2023-01-29 15:54:44', 'chama'),
(428, 'JOSEPH', 'null', 'BUZINGOZINGO', '255745620642', '2023-01-29 15:55:20', '2023-01-29 15:55:20', 'chama'),
(429, 'BALYA', 'null', 'LUBIMBI', '255745656944', '2023-01-29 15:55:53', '2023-01-29 15:55:53', 'chama'),
(430, 'JAMES', 'null', 'LOKETI', '255744374947', '2023-01-29 15:56:41', '2023-01-29 15:56:41', 'chama'),
(431, 'KIJA', 'null', 'MHULI', '255746773636', '2023-01-29 15:57:10', '2023-01-29 15:57:10', 'chama'),
(432, 'MATAYO', 'null', 'MILIGWA', '255743799380', '2023-01-29 15:57:38', '2023-01-29 15:57:38', 'chama'),
(433, 'MALEGI', 'null', 'MILIGWA', '255788249230', '2023-01-29 15:58:07', '2023-01-29 15:58:07', 'chama'),
(434, 'SAMSON', 'null', 'MUYANGA', '255788255460', '2023-01-29 16:00:08', '2023-01-29 16:00:08', 'chama'),
(435, 'NDULU', 'null', 'KITELEJA', '255788624983', '2023-01-29 16:00:36', '2023-01-29 16:00:36', 'chama'),
(436, 'HIMA', 'null', 'SINDIBU', '255786253720', '2023-01-29 16:01:06', '2023-01-29 16:01:06', 'chama'),
(437, 'MAKOYE', 'null', 'SAGUDA', '255766680476', '2023-01-29 16:01:57', '2023-01-29 16:01:57', 'chama'),
(438, 'SIMON', 'null', 'CHARLES', '255764347241', '2023-01-29 16:02:25', '2023-01-29 16:02:25', 'chama'),
(439, 'SUNGWA', 'null', 'MUNG\'ONI', '255758602802', '2023-01-29 16:02:54', '2023-01-29 16:02:54', 'chama'),
(440, 'FALES', 'null', 'SHAGALILI', '255710861497', '2023-01-29 16:03:34', '2023-01-29 16:03:34', 'chama'),
(441, 'KIJA', 'null', 'NTANI', '255757836162', '2023-01-29 16:06:20', '2023-01-29 16:06:20', 'chama'),
(442, 'MASUKE', 'null', 'GWALUGWA', '255742308341', '2023-01-29 16:07:01', '2023-01-29 16:07:01', 'chama'),
(443, 'MUHAMIZI', 'null', 'SAGUDA', '255788929304', '2023-01-29 16:08:04', '2023-01-29 16:08:04', 'chama'),
(444, 'MASUNGA', 'null', 'SAGUDA', '255755784848', '2023-01-29 16:09:12', '2023-01-29 16:09:12', 'chama'),
(445, 'MAKALI', 'null', 'MAYUNGA', '255786253720', '2023-01-29 16:12:21', '2023-01-29 16:12:21', 'chama'),
(446, 'renatus', 'null', 'salala', '255688564175', '2023-01-30 11:23:07', '2023-01-30 11:23:07', 'chama'),
(447, 'myano', 'null', 'kasema', '255785781724', '2023-01-30 11:23:42', '2023-01-30 11:23:42', 'chama'),
(448, 'masanja', 'null', 'siyantemi', '255786223608', '2023-01-30 11:24:43', '2023-01-30 11:24:43', 'chama'),
(449, 'lewa', 'null', 'safari', '255658991623', '2023-01-30 11:25:07', '2023-01-30 11:25:07', 'chama'),
(450, 'Joseph', 'null', 'shagi', '255627670775', '2023-01-30 11:25:37', '2023-01-30 11:25:37', 'chama'),
(451, 'saka', 'null', 'ntobi', '255762989304', '2023-01-30 11:26:04', '2023-01-30 11:26:04', 'chama'),
(452, 'mao', 'null', 'kazilo', '255713627697', '2023-01-30 11:26:32', '2023-01-30 11:26:32', 'chama'),
(453, 'Idda', 'null', 'Athuman', '255682086000', '2023-01-30 11:27:30', '2023-02-11 19:32:16', 'chama'),
(454, 'malegi', 'null', 'kisinza', '255693720153', '2023-01-30 11:28:05', '2023-01-30 11:28:05', 'chama'),
(455, 'sita', 'null', 'mpaka', '255786942400', '2023-01-30 11:28:34', '2023-01-30 11:28:34', 'chama'),
(456, 'sryvester', 'null', 'masunga', '255758811111', '2023-01-30 11:30:24', '2023-01-30 11:30:24', 'chama'),
(457, 'kija', 'null', 'wahi', '255699410872', '2023-01-30 11:30:39', '2023-01-30 11:30:39', 'chama'),
(458, 'njile', 'null', 'mabula', '255683244083', '2023-01-30 11:31:02', '2023-01-30 11:31:02', 'chama'),
(459, 'emanuel', 'null', 'kanueli', '255683200600', '2023-01-30 11:31:28', '2023-01-30 11:31:28', 'chama'),
(460, 'magembe', 'null', 'machungwa', '255683200600', '2023-01-30 11:32:00', '2023-01-30 11:32:00', 'chama'),
(461, 'Mangu', 'null', 'Masanja', '255688870552', '2023-01-30 11:33:08', '2023-01-30 11:33:08', 'chama'),
(462, 'salawa', 'null', 'mayuma', '255685012204', '2023-01-30 11:33:37', '2023-01-30 11:33:37', 'chama'),
(463, 'Makunza', 'null', 'Mahara', '255653421431', '2023-01-30 11:33:55', '2023-01-30 11:33:55', 'chama'),
(464, 'Mariamu', 'null', 'kulindwa', '255657454192', '2023-01-30 11:34:13', '2023-01-30 11:34:13', 'chama'),
(465, 'Makula', 'null', 'Nsomi', '255787181454', '2023-01-30 11:34:43', '2023-01-30 11:34:43', 'chama'),
(466, 'Hamisi', 'null', 'Ndamanhilu', '255655639480', '2023-01-30 11:35:03', '2023-01-30 11:35:03', 'chama'),
(467, 'Manabu', 'null', 'malugu', '255659607975', '2023-01-30 11:35:24', '2023-01-30 11:35:24', 'chama'),
(468, 'halaja', 'null', 'mhuli', '255684228876', '2023-01-30 11:35:53', '2023-01-30 11:35:53', 'chama'),
(469, 'Masunga', 'null', 'Mazagwa', '255682002061', '2023-01-30 11:36:51', '2023-01-30 11:36:51', 'chama'),
(470, 'tembo', 'null', 'kadulyu', '255765660982', '2023-01-30 11:37:21', '2023-01-30 11:37:21', 'chama'),
(471, 'wilison', 'null', 'ilanga', '255766336230', '2023-01-30 11:37:41', '2023-01-30 11:37:41', 'chama'),
(472, 'Mboje', 'null', 'Maholela', '255752071672', '2023-01-30 11:38:01', '2023-01-30 11:38:01', 'chama'),
(473, 'Shagi', 'null', 'Nhindilo', '255786820472', '2023-01-30 11:38:33', '2023-01-30 11:38:33', 'chama'),
(474, 'Nyanhumbu', 'null', 'Magembe', '255713634567', '2023-01-30 11:38:56', '2023-01-30 11:38:56', 'chama'),
(475, 'Kulwa', 'null', 'Sayi', '255744050711', '2023-01-30 11:39:18', '2023-01-30 11:39:18', 'chama'),
(476, 'Mwasi', 'null', 'Lulenda', '255755458446', '2023-01-30 11:39:37', '2023-01-30 11:39:37', 'chama'),
(477, 'Yohana', 'null', 'Masunga', '255684565030', '2023-01-30 11:40:05', '2023-01-30 11:40:05', 'chama'),
(478, 'Saguda', 'null', 'Makaju', '255757576786', '2023-01-30 11:40:24', '2023-01-30 11:40:24', 'chama');
INSERT INTO `leaders` (`id`, `firstName`, `middleName`, `lastName`, `phone`, `created_at`, `updated_at`, `side`) VALUES
(479, 'Seni', 'null', 'Nyerere', '255787180027', '2023-01-30 11:40:45', '2023-01-30 11:40:45', 'chama'),
(480, 'Masunga', 'null', 'Ndela', '255764402524', '2023-01-30 11:41:11', '2023-01-30 11:41:11', 'chama'),
(481, 'Japhet', 'M', 'Kuyi', '255676240361', '2023-01-31 09:59:15', '2023-01-31 09:59:15', 'chama'),
(482, 'Omary', 'null', 'Bulandi', '255676240361', '2023-01-31 10:00:40', '2023-01-31 10:00:40', 'chama'),
(483, 'Philimon', 'J', 'Ndege', '255674279641', '2023-01-31 10:01:32', '2023-01-31 10:01:32', 'chama'),
(484, 'James', 'P', 'Mkina', '255719240669', '2023-01-31 10:02:45', '2023-01-31 10:02:45', 'chama'),
(485, 'Christopha', 'null', 'Shema', '255742573889', '2023-01-31 10:03:50', '2023-01-31 10:03:50', 'chama'),
(486, 'Nyara', 'null', 'Maduhu', '255693399779', '2023-01-31 10:04:25', '2023-01-31 10:04:25', 'chama'),
(487, 'Joseph', 'null', 'Sheki', '255714725250', '2023-01-31 10:05:10', '2023-01-31 10:05:10', 'chama'),
(488, 'Kulwa', 'null', 'Abeli', '255653648313', '2023-01-31 10:06:28', '2023-01-31 10:06:28', 'chama'),
(489, 'James', 'G', 'Kibuga', '255676852414', '2023-01-31 10:07:44', '2023-01-31 10:07:44', 'chama'),
(490, 'Manumbu', 'null', 'Ndibato', '255744484140', '2023-01-31 10:08:40', '2023-01-31 10:08:40', 'chama'),
(491, 'Juma', 'null', 'Dotto', '255782343650', '2023-01-31 10:09:33', '2023-01-31 10:09:33', 'chama'),
(492, 'Hollo', 'null', 'Juma', '255782343650', '2023-01-31 10:10:12', '2023-01-31 10:10:12', 'chama'),
(493, 'William', 'null', 'Biswalo', '255686968725', '2023-01-31 10:10:52', '2023-01-31 10:10:52', 'chama'),
(494, 'Makoye', 'null', 'Makalanga', '255785476378', '2023-01-31 10:11:43', '2023-01-31 10:11:43', 'chama'),
(495, 'TEGISI', 'null', 'SHONG\'HA', '255762355428', '2023-01-31 10:13:10', '2023-01-31 10:13:10', 'chama'),
(496, 'LEGI', 'null', 'JUMA', '255788258275', '2023-01-31 10:13:48', '2023-01-31 10:13:48', 'chama'),
(497, 'LAMECK', 'null', 'KIMILA', '255766489378', '2023-01-31 10:14:19', '2023-01-31 10:14:19', 'chama'),
(498, 'ANNA', 'null', 'ILANGA', '255766489378', '2023-01-31 10:14:55', '2023-01-31 10:14:55', 'chama'),
(499, 'NHANDI', 'null', 'BULENGELA', '255686961817', '2023-01-31 10:15:41', '2023-01-31 10:15:41', 'chama'),
(500, 'SHIYI', 'null', 'MAJINJI', '255689437357', '2023-01-31 10:16:13', '2023-01-31 10:16:13', 'chama'),
(501, 'ONG\'HOLO', 'null', 'MASUNGA', '255788257688', '2023-01-31 10:16:48', '2023-01-31 10:16:48', 'chama'),
(502, 'PETRO', 'M', 'MHOCHA', '255787446348', '2023-01-31 10:17:30', '2023-01-31 10:17:30', 'chama'),
(503, 'MODOKA', 'null', 'MANYAMA', '255754607959', '2023-01-31 10:18:37', '2023-01-31 10:18:37', 'chama'),
(504, 'BUHONDO', 'null', 'MADUHU', '255656453835', '2023-01-31 10:19:32', '2023-01-31 10:19:32', 'chama'),
(505, 'MAYALA', 'null', 'NDATULU', '255786474108', '2023-01-31 10:20:01', '2023-01-31 10:20:01', 'chama'),
(506, 'LAHER', 'null', 'PHALES', '255689945041', '2023-01-31 10:20:28', '2023-01-31 10:20:28', 'chama'),
(507, 'JUMA', 'null', 'KUBAGWA', '255743943693', '2023-01-31 10:21:09', '2023-01-31 10:21:09', 'chama'),
(508, 'NKINDA', 'null', 'NJILE', '255653255089', '2023-01-31 10:21:39', '2023-01-31 10:21:39', 'chama'),
(509, 'SIMON', 'null', 'NHANDI', '255787291531', '2023-01-31 10:22:09', '2023-01-31 10:22:09', 'chama'),
(510, 'FRIDA', 'null', 'NHABALYAGA', '255764952247', '2023-01-31 10:22:38', '2023-01-31 10:22:38', 'chama'),
(511, 'MALIMI', 'null', 'GOMBO', '255746296259', '2023-01-31 10:23:19', '2023-01-31 10:23:19', 'chama'),
(512, 'NTEMI', 'null', 'NGWELEMI', '255653486994', '2023-01-31 10:23:48', '2023-01-31 10:23:48', 'chama'),
(513, 'TABU', 'null', 'MASOTA', '255712668063', '2023-01-31 10:24:15', '2023-01-31 10:24:15', 'chama'),
(514, 'EMMANUEL', 'null', 'BONEPHACE', '255759149954', '2023-01-31 11:53:24', '2023-01-31 11:53:24', 'chama'),
(516, 'BUNOGE', 'null', 'SAGENDA', '255685849515', '2023-02-03 17:04:40', '2023-02-03 17:04:40', 'chama'),
(517, 'KUBUYI', 'null', 'NSANDU', '255767087902', '2023-02-03 17:05:27', '2023-02-03 17:05:27', 'chama'),
(518, 'SAFARI', 'null', 'LOKETI', '255762358208', '2023-02-03 17:06:28', '2023-02-03 17:06:28', 'chama'),
(519, 'NG\'HWANI', 'null', 'EDWARD', '255765171611', '2023-02-03 17:07:34', '2023-02-03 17:07:34', 'chama'),
(520, 'KIJA', 'null', 'KEYA', '255767743344', '2023-02-03 17:08:23', '2023-02-03 17:08:23', 'chama'),
(521, 'NSABI', 'null', 'MADUHU', '255764177086', '2023-02-03 17:09:23', '2023-02-03 17:09:23', 'chama'),
(522, 'MAGENI', 'null', 'SILADI', '255755387820', '2023-02-03 17:11:31', '2023-02-03 17:11:31', 'chama'),
(523, 'NHONDO', 'null', 'HOJA', '255752182841', '2023-02-03 17:13:58', '2023-02-03 17:13:58', 'chama'),
(524, 'EMANUEL', 'null', 'HAMISI', '255742586334', '2023-02-03 17:14:52', '2023-02-03 17:14:52', 'chama'),
(525, 'SINDANO', 'null', 'SAYI', '255742528365', '2023-02-03 17:17:03', '2023-02-03 17:17:03', 'chama'),
(526, 'MADUHU', 'null', 'MANYANGU', '255759961683', '2023-02-03 17:18:07', '2023-02-03 17:18:07', 'chama'),
(527, 'SAYI', 'null', 'MILIGWA', '255759961683', '2023-02-03 17:19:12', '2023-02-03 17:19:12', 'chama'),
(528, 'SANDU', 'null', 'LUKENYA', '255759961683', '2023-02-03 17:19:51', '2023-02-03 17:19:51', 'chama'),
(529, 'KUSEKWA', 'null', 'MADUHU', '255748169835', '2023-02-03 17:20:47', '2023-02-08 17:15:37', 'chama'),
(530, 'HAMI', 'null', 'NTEMI', '255762892270', '2023-02-03 17:21:55', '2023-02-03 17:21:55', 'chama'),
(531, 'MALUSO', 'null', 'NG\'HABI', '255765369951', '2023-02-03 17:22:28', '2023-02-03 17:22:28', 'chama'),
(532, 'LIKU', 'null', 'MASUNGA', '255758685381', '2023-02-03 17:23:09', '2023-02-03 17:23:09', 'chama'),
(533, 'MADUHU', 'null', 'SALAMBA', '255766166789', '2023-02-03 17:23:54', '2023-02-03 17:23:54', 'chama'),
(534, 'MASUNGA', 'null', 'NTIMBA', '255753773565', '2023-02-03 17:24:43', '2023-02-03 17:24:43', 'chama'),
(535, 'MASUKE', 'null', 'KIMWAKA', '255764313093', '2023-02-03 17:25:15', '2023-02-03 17:25:15', 'chama'),
(536, 'MASUKE', 'null', 'KINUGA', '255753508232', '2023-02-03 17:25:52', '2023-02-03 17:25:52', 'chama'),
(537, 'MANUMBU', 'null', 'MAKUMIABILI', '255659644590', '2023-02-03 17:26:27', '2023-02-03 17:26:27', 'chama'),
(538, 'SAGUDA', 'null', 'MAKENZI', '255753550156', '2023-02-03 17:27:32', '2023-02-03 17:27:32', 'chama'),
(539, 'AMOSI', 'null', 'MHOJA', '255757494806', '2023-02-03 17:28:14', '2023-02-03 17:28:14', 'chama'),
(540, 'ROBERT', 'null', 'CHARLES', '255762135407', '2023-02-03 17:28:47', '2023-02-03 17:28:47', 'chama'),
(541, 'MATULIJA', 'null', 'MADUHU', '255744081052', '2023-02-03 17:29:21', '2023-02-03 17:29:21', 'chama'),
(542, 'NSUKUMA', 'null', 'KUBILU', '255787406450', '2023-02-03 17:31:00', '2023-02-03 17:31:00', 'chama'),
(543, 'SINGI', 'null', 'NDULU', '255765347545', '2023-02-03 17:31:45', '2023-02-03 17:31:45', 'chama'),
(544, 'Joseph', 'null', 'midala', '255783485151', '2023-02-03 17:36:35', '2023-02-03 17:36:35', 'chama'),
(545, 'Henry', 'null', 'changu', '255785175719', '2023-02-03 17:37:02', '2023-02-03 17:37:02', 'chama'),
(546, 'Fotunatus', 'null', 'kingolo', '255758248615', '2023-02-03 17:37:36', '2023-02-03 17:37:36', 'chama'),
(547, 'Nkamba', 'null', 'zabrone', '255683885059', '2023-02-03 17:40:34', '2023-02-03 17:40:34', 'chama'),
(548, 'Emanuel', 'null', 'sasila', '255656861119', '2023-02-03 17:41:19', '2023-02-03 17:41:19', 'chama'),
(549, 'Midala', 'null', 'Noni', '255787219890', '2023-02-03 17:41:46', '2023-02-03 17:41:46', 'chama'),
(550, 'Masanja', 'null', 'jichabu', '255685206284', '2023-02-03 17:42:26', '2023-02-03 17:42:26', 'chama'),
(551, 'Joseph', 'null', 'Lukas', '255788794848', '2023-02-03 17:43:14', '2023-02-03 17:43:14', 'chama'),
(552, 'Zozo', 'null', 'Sanguda', '255788633590', '2023-02-03 17:43:42', '2023-02-03 17:43:42', 'chama'),
(553, 'Kanunda', 'null', 'George', '255753540520', '2023-02-03 17:44:08', '2023-02-03 17:44:08', 'chama'),
(554, 'Rozaria', 'null', 'milimo', '255782772457', '2023-02-03 17:44:34', '2023-02-03 17:44:34', 'chama'),
(555, 'Mughugu', 'null', 'Nyolobi', '255765532042', '2023-02-03 17:45:07', '2023-02-03 17:45:07', 'chama'),
(556, 'Nyaza', 'null', 'masunga', '255783631133', '2023-02-03 17:45:32', '2023-02-03 17:45:32', 'chama'),
(557, 'Magimba', 'null', 'Sanguda', '255782391551', '2023-02-03 17:45:58', '2023-02-03 17:45:58', 'chama'),
(558, 'Magembe', 'null', 'mwangala', '255785565191', '2023-02-03 17:46:23', '2023-02-03 17:46:23', 'chama'),
(559, 'Masanja', 'null', 'ntuga', '255686212267', '2023-02-03 17:47:35', '2023-02-03 17:47:35', 'chama'),
(560, 'Pele', 'null', 'kiludui', '255689360182', '2023-02-03 17:48:35', '2023-02-03 17:48:35', 'chama'),
(561, 'Peter', 'null', 'Zacharia', '255684066012', '2023-02-03 17:49:38', '2023-02-03 17:49:38', 'chama'),
(562, 'Daudi', 'null', 'igili', '255685717601', '2023-02-03 17:50:15', '2023-02-03 17:50:15', 'chama'),
(563, 'Julius', 'null', 'razaro', '255789670398', '2023-02-03 17:50:44', '2023-02-03 17:50:44', 'chama'),
(564, 'Samwel', 'null', 'matingasi', '255754961605', '2023-02-03 17:51:09', '2023-02-03 17:51:09', 'chama'),
(565, 'Emanuel', 'null', 'Alex', '255759063484', '2023-02-03 17:51:36', '2023-02-03 17:51:36', 'chama'),
(566, 'Gibuyi', 'null', 'Nwele', '255787815238', '2023-02-03 17:52:24', '2023-02-03 17:52:24', 'chama'),
(567, 'Magili', 'null', 'tegisi', '255789157304', '2023-02-03 17:52:48', '2023-02-03 17:52:48', 'chama'),
(568, 'Maduhu', 'null', 'Juma', '255785073432', '2023-02-03 17:53:13', '2023-02-03 17:53:13', 'chama'),
(569, 'Masala', 'null', 'Nsunzi', '255684236875', '2023-02-03 17:53:39', '2023-02-03 17:53:39', 'chama'),
(570, 'Zakayo', 'null', 'Lukonge', '255687299885', '2023-02-03 17:56:17', '2023-02-03 17:56:17', 'chama'),
(571, 'Mangasha', 'null', 'sayi', '255682757262', '2023-02-03 17:56:42', '2023-02-03 17:56:42', 'chama'),
(572, 'Elias', 'null', 'sayi', '255753246203', '2023-02-03 17:57:27', '2023-02-03 17:57:27', 'chama'),
(573, 'Ng\'walu', 'null', 'mabisi', '255685881380', '2023-02-03 17:57:52', '2023-02-03 17:57:52', 'chama'),
(574, 'madale', 'null', 'pangalala', '255787686678', '2023-02-03 17:59:06', '2023-02-03 17:59:06', 'chama'),
(575, 'Ntimba', 'null', 'makondo', '255787890147', '2023-02-03 17:59:32', '2023-02-03 17:59:32', 'chama'),
(576, 'Penin', 'null', 'Ponenja', '255787015982', '2023-02-03 18:00:01', '2023-02-03 18:00:01', 'chama'),
(577, 'Meckilina', 'null', 'Nangale', '255767343219', '2023-02-03 18:00:27', '2023-02-03 18:00:27', 'chama'),
(578, 'Budodi', 'null', 'Emanuel', '255759481237', '2023-02-03 18:02:45', '2023-02-03 18:02:45', 'chama'),
(579, 'Nkwimba', 'null', 'kushaa', '255752294144', '2023-02-03 18:03:12', '2023-02-03 18:03:12', 'chama'),
(580, 'Minza', 'null', 'Maduhu', '255785613726', '2023-02-03 18:03:40', '2023-02-03 18:03:40', 'chama'),
(581, 'George', 'null', 'sagunda', '255789299131', '2023-02-03 18:04:06', '2023-02-03 18:04:06', 'chama'),
(582, 'Elizabeth', 'null', 'sayi', '255764916903', '2023-02-03 18:04:35', '2023-02-03 18:04:35', 'chama'),
(583, 'Boniphance', 'null', 'mangalu', '255764578965', '2023-02-03 18:05:07', '2023-02-03 18:05:07', 'chama'),
(584, 'Emanuel', 'null', 'masuke', '255746086725', '2023-02-03 18:05:30', '2023-02-03 18:05:30', 'chama'),
(585, 'Shija', 'null', 'mashima', '255649137322', '2023-02-03 18:05:55', '2023-02-03 18:05:55', 'chama'),
(586, 'Juma', 'null', 'msona', '255784576005', '2023-02-03 18:06:21', '2023-02-03 18:06:21', 'chama'),
(587, 'Mashaka', 'null', 'Eliasi', '255765242444', '2023-02-03 18:07:52', '2023-02-03 18:07:52', 'chama'),
(588, 'Masanja', 'null', 'Antony', '255786850517', '2023-02-03 18:08:21', '2023-02-03 18:08:21', 'chama'),
(589, 'Sayi', 'null', 'mlyashumha', '255786125920', '2023-02-03 18:08:48', '2023-02-03 18:08:48', 'chama'),
(590, 'Martine', 'null', 'mitundwa', '255783425596', '2023-02-03 18:09:35', '2023-02-03 18:09:35', 'chama'),
(591, 'Gulija', 'null', 'mashamba', '255783820125', '2023-02-03 18:09:59', '2023-02-03 18:09:59', 'chama'),
(592, 'Masunga', 'null', 'damva', '255783081402', '2023-02-03 18:10:24', '2023-02-03 18:10:24', 'chama'),
(593, 'Tabiza', 'mbula', 'ng\'hali', '255683604545', '2023-02-03 18:11:23', '2023-02-03 18:11:23', 'chama'),
(594, 'Ifrahimu', 'null', 'Nyanda', '255683001375', '2023-02-03 18:11:58', '2023-02-03 18:11:58', 'chama'),
(595, 'Samweli', 'null', 'Magembe', '255745813524', '2023-02-03 18:12:25', '2023-02-03 18:12:25', 'chama'),
(596, 'Sayi', 'null', 'Ismbula', '255752235644', '2023-02-03 18:12:50', '2023-02-03 18:12:50', 'chama'),
(597, 'Daniel', 'null', 'mchunga', '255693503487', '2023-02-03 18:13:14', '2023-02-03 18:13:14', 'chama'),
(598, 'Kibiza', 'null', 'mahela', '255782672281', '2023-02-03 18:13:57', '2023-02-03 18:13:57', 'chama'),
(599, 'Mkingwa', 'null', 'Emanuel', '255785404399', '2023-02-03 18:14:22', '2023-02-03 18:14:22', 'chama'),
(600, 'Nkunu', 'null', 'shilinde', '255785404399', '2023-02-03 18:15:22', '2023-02-03 18:15:22', 'chama'),
(601, 'Kijiji', 'null', 'Lweyo', '255688585837', '2023-02-03 18:15:46', '2023-02-03 18:15:46', 'chama'),
(602, 'Silanga', 'null', 'kimola', '255789067385', '2023-02-03 18:19:02', '2023-02-03 18:19:02', 'chama'),
(603, 'Joseph', 'null', 'Paula', '255683144442', '2023-02-03 18:19:40', '2023-02-03 18:19:40', 'chama'),
(604, 'Masungwa', 'null', 'samwel', '255786282087', '2023-02-03 18:20:07', '2023-02-03 18:20:07', 'chama'),
(605, 'Mh. Nashoni', 'null', 'Ngusa', '255786425410', '2023-02-03 18:21:07', '2023-02-03 18:21:07', 'chama'),
(606, 'Halaja', 'null', 'madeni', '255789135828', '2023-02-03 18:21:33', '2023-02-03 18:21:33', 'chama'),
(607, 'Mhinga', 'null', 'silanga', '255688519838', '2023-02-03 18:22:32', '2023-02-03 18:22:32', 'chama'),
(608, 'Pundu', 'null', 'sayi', '255688774100', '2023-02-03 18:23:06', '2023-02-03 18:23:06', 'chama'),
(609, 'Vunja', 'null', 'bei', '255787195037', '2023-02-03 18:23:44', '2023-02-03 18:23:44', 'chama'),
(610, 'Yakobo', 'null', 'simoni', '255786067442', '2023-02-03 18:24:11', '2023-02-03 18:24:11', 'chama'),
(611, 'Limi', 'null', 'Daniel', '255786067442', '2023-02-03 18:24:41', '2023-02-03 18:24:41', 'chama'),
(612, 'Monika', 'null', 'liki', '255692044715', '2023-02-03 18:25:21', '2023-02-03 18:25:21', 'chama'),
(613, 'Musa', 'null', 'gedi', '255755282174', '2023-02-03 18:26:03', '2023-02-03 18:26:03', 'chama'),
(614, 'Daniel', 'null', 'magese', '255688780800', '2023-02-03 18:26:36', '2023-02-03 18:26:36', 'chama'),
(615, 'Ng\'habi', 'null', 'mangilwa', '255688780800', '2023-02-03 18:27:50', '2023-02-03 18:27:50', 'chama'),
(616, 'Shabani', 'null', 'ndogo', '255782092661', '2023-02-03 18:28:29', '2023-02-03 18:28:29', 'chama'),
(617, 'Nsulwa', 'null', 'null', '255784665344', '2023-02-03 18:29:14', '2023-02-03 18:29:14', 'chama'),
(618, 'Joseph', 'null', 'mikila', '255755740288', '2023-02-03 18:29:41', '2023-02-03 18:29:41', 'chama'),
(619, 'Mahima', 'null', 'hiba', '255786202880', '2023-02-03 18:30:06', '2023-02-03 18:30:06', 'chama'),
(620, 'Peter', 'null', 'kaloli', '255782999340', '2023-02-03 18:30:45', '2023-02-03 18:30:45', 'chama'),
(621, 'Joisi', 'null', 'kazimoto', '255785544456', '2023-02-03 18:31:11', '2023-02-03 18:31:11', 'chama'),
(622, 'Sube', 'null', 'salu', '255785544456', '2023-02-03 18:31:42', '2023-02-03 18:31:42', 'chama'),
(623, 'Mbusi', 'null', 'Malimi', '255788366699', '2023-02-03 18:32:31', '2023-02-03 18:32:31', 'chama'),
(624, 'Bahame', 'null', 'masanja', '255719186890', '2023-02-03 18:34:11', '2023-02-03 18:34:11', 'chama'),
(625, 'Nyenye', 'null', 'jiga', '255785137851', '2023-02-03 18:34:41', '2023-02-03 18:34:41', 'chama'),
(626, 'Sita', 'null', 'pangani', '255785678370', '2023-02-03 18:35:23', '2023-02-03 18:35:23', 'chama'),
(627, 'Madeni', 'null', 'null', '255688988385', '2023-02-03 18:35:52', '2023-02-03 18:35:52', 'chama'),
(628, 'Sheta', 'null', 'Mfunda', '255784305991', '2023-02-05 09:19:01', '2023-02-05 09:19:01', 'chama'),
(629, 'Ngwesa', 'null', 'Edward', '255743999578', '2023-02-05 09:54:07', '2023-02-05 09:54:07', 'chama'),
(630, 'Amalia', 'null', 'Msangi', '255743999578', '2023-02-05 09:55:20', '2023-02-05 09:55:20', 'chama'),
(631, 'Yohana', 'null', 'Mahangila', '255787387463', '2023-02-05 09:55:59', '2023-02-05 09:55:59', 'chama'),
(632, 'Mashaka', 'null', 'Abdalah', '255785132669', '2023-02-05 09:56:36', '2023-02-05 09:56:36', 'chama'),
(633, 'Joyce', 'null', 'Sungwa', '255785132669', '2023-02-05 09:57:11', '2023-02-05 09:57:11', 'chama'),
(634, 'Zakalia', 'null', 'Manjale', '255783462322', '2023-02-05 09:57:55', '2023-02-05 09:57:55', 'chama'),
(635, 'Baraka', 'Hizi', 'Masuka', '255782190301', '2023-02-05 09:58:32', '2023-02-05 09:58:32', 'chama'),
(636, 'Nyamis', 'null', 'Robert', '255717077805', '2023-02-05 09:59:04', '2023-02-05 09:59:04', 'chama'),
(637, 'Regina', 'Edward', 'Manjale', '255717077805', '2023-02-05 09:59:48', '2023-02-05 09:59:48', 'chama'),
(638, 'Elikana', 'null', 'Majora', '255684953650', '2023-02-05 10:00:40', '2023-02-05 10:00:40', 'chama'),
(639, 'Kulwa', 'null', 'Mbusi', '255684953650', '2023-02-05 10:01:11', '2023-02-05 10:01:11', 'chama'),
(640, 'Samson', 'null', 'Dwasi', '255784944558', '2023-02-05 10:01:45', '2023-02-05 10:01:45', 'chama'),
(641, 'Yunice', 'null', 'Magembe', '255784944558', '2023-02-05 10:02:23', '2023-02-05 10:02:23', 'chama'),
(642, 'Paul', 'null', 'Malongo', '255689925863', '2023-02-05 10:03:17', '2023-02-05 10:03:17', 'chama'),
(643, 'James', 'null', 'Charles', '255784070748', '2023-02-05 10:03:49', '2023-02-05 10:03:49', 'chama'),
(644, 'Manhg\'ulelu', 'null', 'Maduhu', '255688301802', '2023-02-05 10:04:21', '2023-02-05 10:04:21', 'chama'),
(645, 'Ester', 'null', 'Nzala', '255688301802', '2023-02-05 10:05:03', '2023-02-05 10:05:03', 'chama'),
(646, 'Noni', 'null', 'Makoye', '255785620746', '2023-02-05 10:05:50', '2023-02-05 10:05:50', 'chama'),
(647, 'Yombo', 'null', 'Kumbe', '255785620746', '2023-02-05 10:06:16', '2023-02-05 10:06:16', 'chama'),
(648, 'Paul', 'Joseph', 'Ndaki', '255687146666', '2023-02-05 10:06:54', '2023-02-05 10:06:54', 'chama'),
(649, 'Lyeyo', 'null', 'Mgatakona', '255755357104', '2023-02-05 10:07:37', '2023-02-05 10:07:37', 'chama'),
(650, 'Nhindilo', 'null', 'Budede', '255782560744', '2023-02-05 10:08:50', '2023-02-05 10:08:50', 'chama'),
(651, 'Richard', 'null', 'Majaba', '255782560744', '2023-02-05 10:09:22', '2023-02-05 10:09:22', 'chama'),
(652, 'Kulwa', 'null', 'Mayehu', '255782560744', '2023-02-05 10:09:56', '2023-02-05 10:09:56', 'chama'),
(653, 'Daud', 'null', 'Haroun', '255782560744', '2023-02-05 10:10:33', '2023-02-05 10:10:33', 'chama'),
(654, 'Joseph', 'null', 'Raulent', '255765141101', '2023-02-05 10:12:03', '2023-02-05 10:12:03', 'chama'),
(655, 'Kibusi', 'null', 'Masuke', '255765141101', '2023-02-05 10:12:39', '2023-02-05 10:12:39', 'chama'),
(656, 'Nyaga', 'null', 'Nzuli', '255768944278', '2023-02-05 10:13:12', '2023-02-05 10:13:12', 'chama'),
(657, 'George', 'null', 'Kugata', '255653211774', '2023-02-05 10:13:50', '2023-02-05 10:13:50', 'chama'),
(658, 'Saguda', 'null', 'Kazimoto', '255784305991', '2023-02-05 10:15:34', '2023-02-05 10:15:34', 'chama'),
(659, 'Majaba', 'null', 'Saguda', '255784305991', '2023-02-05 10:16:17', '2023-02-05 10:16:17', 'chama'),
(660, 'Robert', 'null', 'Lweyo', '255784305991', '2023-02-05 10:17:01', '2023-02-05 10:17:01', 'chama'),
(661, 'NTUNGA', 'null', 'NDONGO', '255699232481', '2023-02-11 10:03:07', '2023-02-11 10:03:07', 'chama'),
(662, 'PAUL', 'null', 'SUNZU', '255672970881', '2023-02-11 10:04:27', '2023-02-11 10:04:27', 'chama'),
(663, 'LUBACHA', 'null', 'null', '255766979480', '2023-02-11 10:05:08', '2023-02-11 10:05:08', 'chama'),
(664, 'KASILI', 'null', 'NDAMO', '255783575982', '2023-02-11 10:07:08', '2023-02-11 10:07:08', 'chama'),
(665, 'TAYOTA', 'null', 'BAGOLOLE', '255788007813', '2023-02-11 10:09:42', '2023-02-11 10:09:42', 'chama'),
(666, 'MUSA', 'null', 'LIMBE', '255783784277', '2023-02-11 10:10:27', '2023-02-11 10:10:27', 'chama'),
(667, 'EMA', 'null', 'KUSELYA', '255789516244', '2023-02-11 10:11:09', '2023-02-11 10:11:09', 'chama'),
(668, 'SAYI', 'null', 'MASUNGA', '255626725518', '2023-02-11 10:11:52', '2023-02-11 10:11:52', 'chama'),
(669, 'MWAMBA', 'null', 'MAGASHI', '255785949193', '2023-02-11 10:14:33', '2023-02-11 10:14:33', 'chama'),
(670, 'MGEMA', 'null', 'MANJANJA', '255762207002', '2023-02-11 10:15:14', '2023-02-11 10:15:14', 'chama'),
(671, 'JOSEPH', 'null', 'MAKOJA', '255782755365', '2023-02-11 10:15:50', '2023-02-11 10:15:50', 'chama'),
(672, 'MAGANGA', 'null', 'NTELEMKO', '255694112870', '2023-02-11 10:16:41', '2023-02-11 10:16:41', 'chama'),
(673, 'MADUHU', 'null', 'LUSOKOMA', '255789739450', '2023-02-11 10:17:34', '2023-02-11 10:17:34', 'chama'),
(674, 'AMOSI', 'null', 'NGIMILA', '255784818860', '2023-02-11 10:19:18', '2023-02-11 10:19:18', 'chama'),
(675, 'GILYA', 'null', 'LUKAJA', '255786516509', '2023-02-11 10:20:31', '2023-02-11 10:20:31', 'chama'),
(676, 'AGINAS', 'null', 'DANIEL', '255685132389', '2023-02-11 10:21:21', '2023-02-11 10:21:21', 'chama'),
(677, 'JOSEPH', 'null', 'LUTUNA', '255685392133', '2023-02-11 10:22:22', '2023-02-11 10:22:22', 'chama'),
(678, 'MARCO', 'null', 'SENGEREMA', '255758974107', '2023-02-11 10:23:43', '2023-02-11 10:23:43', 'chama'),
(679, 'JUMA', 'null', 'SAGUDA', '255758974107', '2023-02-11 10:24:28', '2023-02-11 10:24:28', 'chama'),
(680, 'REBECCA', 'null', 'DAUDI', '255758974107', '2023-02-11 10:25:07', '2023-02-11 10:25:07', 'chama'),
(681, 'MADUHU', 'null', 'MAKOYE', '255753501416', '2023-02-11 10:25:50', '2023-02-11 10:25:50', 'chama'),
(682, 'ALEX', 'null', 'MALUNJA', '255782956074', '2023-02-11 10:26:21', '2023-02-11 10:26:21', 'chama'),
(683, 'EMANUEL', 'null', 'teja', '255756321840', '2023-02-11 10:26:52', '2023-02-11 10:26:52', 'chama'),
(684, 'NHANDI', 'null', 'SHIMO', '255742510824', '2023-02-11 10:27:27', '2023-02-11 10:27:27', 'chama'),
(685, 'SAGUDA', 'null', 'MAJIMAJI', '255693013431', '2023-02-11 10:28:29', '2023-02-11 10:28:29', 'chama'),
(686, 'BUYEGI', 'null', 'EZEKIEL', '255693013431', '2023-02-11 10:29:01', '2023-02-11 10:29:01', 'chama'),
(687, 'HOKILE', 'null', 'GISABU', '255713741441', '2023-02-11 10:29:40', '2023-02-11 10:29:40', 'chama'),
(688, 'NGOLO', 'null', 'MSOMA', '255754569577', '2023-02-11 10:30:20', '2023-02-11 10:30:20', 'chama'),
(689, 'YOHANA', 'null', 'MNYUMBA', '255782497347', '2023-02-11 11:03:08', '2023-02-11 11:03:08', 'chama'),
(690, 'Kiyumbi', 'null', 'Athanas', '255627334956', '2023-02-11 14:43:48', '2023-02-11 14:43:48', 'chama'),
(691, 'Tandula', 'null', 'Malimi', '255788339366', '2023-02-11 14:44:15', '2023-02-11 14:44:15', 'chama'),
(692, 'Marco', 'null', 'sigiya', '255787001951', '2023-02-11 14:44:48', '2023-02-11 14:44:48', 'chama'),
(693, 'Mabula', 'm', 'mvanga', '255756861195', '2023-02-11 14:45:32', '2023-02-11 14:45:32', 'chama'),
(694, 'Mhe. Eng. Andrea', 'Mathew', 'Kundo', '255784278387', '2023-02-11 14:48:05', '2023-02-11 14:48:05', 'chama'),
(695, 'Masanja', 'Mabula', 'mapoli', '255624086165', '2023-02-11 14:48:58', '2023-02-11 14:48:58', 'chama'),
(696, 'Mathayo', 'null', 'Mlola', '255785890929', '2023-02-11 14:49:24', '2023-02-11 14:49:24', 'chama'),
(697, 'Majaba', 'null', 'Nhg\'onge', '255685206309', '2023-02-11 14:50:01', '2023-02-11 14:50:01', 'chama'),
(698, 'Emmanul', 'null', 'Mbiti', '255782591070', '2023-02-11 14:52:05', '2023-02-11 14:52:05', 'chama'),
(699, 'Magreth', 'Philipo', 'mlola', '255625057772', '2023-02-11 14:52:30', '2023-02-11 14:52:30', 'chama'),
(700, 'Nkenyenge', 'Charles', 'Nkenyenge', '255787705868', '2023-02-11 14:53:01', '2023-02-11 14:53:01', 'chama'),
(701, 'Kitemba', 'null', 'Maduhu', '255743295114', '2023-02-11 14:58:25', '2023-02-11 14:58:25', 'chama'),
(702, 'Malugu', 'null', 'Mihayo', '255655906328', '2023-02-11 14:59:11', '2023-02-11 14:59:11', 'chama'),
(703, 'Emmanuel', 'null', 'Maduhu', '255626140550', '2023-02-11 14:59:35', '2023-02-11 14:59:35', 'chama'),
(704, 'Sumayi', 'null', 'Matondo', '255692148909', '2023-02-11 15:02:40', '2023-02-11 15:02:40', 'chama'),
(705, 'Nkonya', 'null', 'kulwa', '255687452264', '2023-02-11 15:05:13', '2023-02-11 15:05:13', 'chama'),
(706, 'Nchimaguli', 'null', 'mwalida', '255625254509', '2023-02-11 15:05:40', '2023-02-11 15:05:40', 'chama'),
(707, 'Sayi', 'null', 'maganyali', '255623150711', '2023-02-11 16:29:30', '2023-02-11 16:29:30', 'chama'),
(708, 'Wande', 'null', 'Masunga', '255626411119', '2023-02-11 16:30:18', '2023-02-11 16:30:18', 'chama'),
(709, 'Sita', 'null', 'Ndibangula', '255626511143', '2023-02-11 16:31:27', '2023-02-11 16:31:27', 'chama'),
(710, 'Bahini', 'null', 'mboje', '255622348984', '2023-02-11 16:31:51', '2023-02-11 16:31:51', 'chama'),
(711, 'Nkwabi', 'null', 'ngololi', '255622348984', '2023-02-11 16:32:19', '2023-02-11 16:32:19', 'chama'),
(712, 'Tabula', 'null', 'Nkinda', '255622348984', '2023-02-11 16:32:53', '2023-02-11 16:32:53', 'chama'),
(713, 'Masunga', 'null', 'walwa', '255682997270', '2023-02-11 16:34:03', '2023-02-11 16:34:03', 'chama'),
(714, 'Joseph', 'null', 'sungwa', '255765972170', '2023-02-11 16:34:24', '2023-02-11 16:34:24', 'chama'),
(715, 'Mabula', 'null', 'kitima', '255765972170', '2023-02-11 16:34:52', '2023-02-11 16:34:52', 'chama'),
(716, 'Mabula', 'null', 'Mapundu', '255785565160', '2023-02-11 16:35:20', '2023-02-11 16:35:20', 'chama'),
(717, 'shunga', 'null', 'mageme', '255782428462', '2023-02-11 16:40:10', '2023-02-11 16:40:10', 'chama'),
(718, 'manyama', 'null', 'null', '255684292463', '2023-02-11 16:40:36', '2023-02-11 16:40:36', 'chama'),
(719, 'Nhindili', 'null', 'null', '255686111071', '2023-02-11 16:41:05', '2023-02-11 16:41:05', 'chama'),
(720, 'Mabula', 'masanja', 'lunili', '255787506549', '2023-02-11 16:41:43', '2023-02-11 16:41:43', 'chama'),
(721, 'Saguda', 'null', 'Ndelema', '255624252197', '2023-02-11 16:43:00', '2023-02-11 16:43:00', 'chama'),
(722, 'singe', 'null', 'mayenga', '255685586289', '2023-02-11 16:43:27', '2023-02-11 16:43:27', 'chama'),
(723, 'Hoyo', 'shabuli', 'mangwitu', '255685586289', '2023-02-11 16:43:55', '2023-02-11 16:43:55', 'chama'),
(724, 'Anasitazia', 'null', 'Amos', '255685586289', '2023-02-11 16:44:23', '2023-02-11 16:44:23', 'chama'),
(725, 'Luhumbika', 'null', 'jaji', '255769518448', '2023-02-11 16:45:11', '2023-02-11 16:45:11', 'chama'),
(726, 'Emanuel', 'null', 'Machibya', '255688850350', '2023-02-11 16:45:51', '2023-02-11 16:45:51', 'chama'),
(727, 'Ng\'wangu', 'null', 'Sayi', '255684554517', '2023-02-11 16:52:47', '2023-02-11 16:52:47', 'chama'),
(728, 'Kija', 'null', 'maduhu', '255686931782', '2023-02-11 16:53:26', '2023-02-11 16:53:26', 'chama'),
(729, 'Kundi', 'null', 'kamongo', '255787101397', '2023-02-11 16:54:06', '2023-02-11 16:54:06', 'chama'),
(730, 'Limi', 'null', 'Shuli', '255628577986', '2023-02-11 17:06:41', '2023-02-11 17:06:41', 'chama'),
(731, 'Helena', 'null', 'Ndibato', '255769965342', '2023-02-16 12:22:24', '2023-02-16 12:22:24', 'chama'),
(733, 'Kulabya', 'null', 'Ipala', '255758976392', '2023-02-17 11:43:21', '2023-02-17 11:43:21', 'chama'),
(734, 'Malima', 'null', 'Godfrey', '255758976392', '2023-02-17 11:43:56', '2023-02-17 11:43:56', 'chama'),
(735, 'Juma', 'null', 'itango', '255783459972', '2023-02-17 11:44:30', '2023-02-17 11:44:30', 'chama'),
(736, 'Kija', 'null', 'Masunga', '255688423663', '2023-02-17 11:45:06', '2023-02-17 11:45:06', 'chama'),
(737, 'Mayunga', 'null', 'Mazungu', '255787907692', '2023-02-17 11:45:42', '2023-02-17 11:45:42', 'chama');

-- --------------------------------------------------------

--
-- Table structure for table `leader_post`
--

CREATE TABLE `leader_post` (
  `id` bigint(20) UNSIGNED NOT NULL,
  `leader_id` bigint(20) UNSIGNED NOT NULL,
  `post_id` bigint(20) UNSIGNED NOT NULL,
  `isActive` tinyint(1) NOT NULL DEFAULT 0,
  `created_at` timestamp NULL DEFAULT NULL,
  `updated_at` timestamp NULL DEFAULT NULL
) ENGINE=InnoDB DEFAULT CHARSET=utf8mb4 COLLATE=utf8mb4_unicode_ci;

--
-- Dumping data for table `leader_post`
--

INSERT INTO `leader_post` (`id`, `leader_id`, `post_id`, `isActive`, `created_at`, `updated_at`) VALUES
(1, 1, 5, 1, NULL, NULL),
(2, 2, 5, 1, NULL, NULL),
(3, 3, 6, 1, NULL, NULL),
(4, 4, 7, 1, NULL, NULL),
(5, 5, 6, 1, NULL, NULL),
(6, 6, 8, 1, NULL, NULL),
(7, 7, 7, 1, NULL, NULL),
(8, 8, 8, 1, NULL, NULL),
(9, 9, 10, 1, NULL, NULL),
(10, 10, 11, 1, NULL, NULL),
(11, 11, 11, 1, NULL, NULL),
(12, 12, 11, 1, NULL, NULL),
(13, 13, 14, 1, NULL, NULL),
(14, 14, 11, 1, NULL, NULL),
(15, 15, 16, 1, NULL, NULL),
(16, 16, 15, 1, NULL, NULL),
(17, 17, 17, 1, NULL, NULL),
(18, 18, 12, 1, NULL, NULL),
(19, 19, 13, 1, NULL, NULL),
(20, 20, 14, 1, NULL, NULL),
(21, 21, 15, 1, NULL, NULL),
(22, 22, 13, 1, NULL, NULL),
(23, 23, 1, 1, NULL, NULL),
(24, 24, 2, 1, NULL, NULL),
(25, 25, 3, 1, NULL, NULL),
(26, 26, 4, 1, NULL, NULL),
(27, 27, 1, 1, NULL, NULL),
(28, 28, 2, 1, NULL, NULL),
(29, 29, 3, 1, NULL, NULL),
(30, 30, 4, 1, NULL, NULL),
(31, 31, 1, 1, NULL, NULL),
(32, 32, 2, 1, NULL, NULL),
(33, 33, 3, 1, NULL, NULL),
(34, 34, 11, 1, NULL, NULL),
(35, 35, 4, 1, NULL, NULL),
(36, 36, 16, 1, NULL, NULL),
(37, 37, 17, 1, NULL, NULL),
(38, 38, 1, 1, NULL, NULL),
(39, 39, 3, 1, NULL, NULL),
(40, 40, 4, 1, NULL, NULL),
(41, 41, 1, 1, NULL, NULL),
(42, 42, 3, 1, NULL, NULL),
(43, 43, 4, 1, NULL, NULL),
(44, 44, 1, 1, NULL, NULL),
(45, 45, 2, 1, NULL, NULL),
(46, 46, 3, 1, NULL, NULL),
(47, 47, 4, 1, NULL, NULL),
(48, 48, 1, 1, NULL, NULL),
(49, 49, 2, 1, NULL, NULL),
(50, 50, 3, 1, NULL, NULL),
(51, 51, 4, 1, NULL, NULL),
(52, 52, 10, 1, NULL, NULL),
(53, 53, 11, 1, NULL, NULL),
(54, 54, 11, 1, NULL, NULL),
(55, 55, 11, 1, NULL, NULL),
(56, 56, 11, 1, NULL, NULL),
(57, 57, 11, 1, NULL, NULL),
(58, 58, 12, 1, NULL, NULL),
(59, 59, 5, 1, NULL, NULL),
(60, 60, 6, 1, NULL, NULL),
(61, 61, 7, 1, NULL, NULL),
(62, 62, 10, 1, NULL, NULL),
(63, 63, 9, 1, NULL, NULL),
(64, 64, 11, 1, NULL, NULL),
(65, 65, 11, 1, NULL, NULL),
(66, 66, 11, 1, NULL, NULL),
(67, 67, 11, 1, NULL, NULL),
(68, 68, 11, 1, NULL, NULL),
(69, 69, 1, 1, NULL, NULL),
(70, 70, 2, 1, NULL, NULL),
(71, 71, 3, 1, NULL, NULL),
(72, 72, 4, 1, NULL, NULL),
(73, 73, 1, 1, NULL, NULL),
(74, 74, 2, 1, NULL, NULL),
(75, 75, 5, 1, NULL, NULL),
(76, 76, 6, 1, NULL, NULL),
(77, 77, 3, 1, NULL, NULL),
(78, 78, 7, 1, NULL, NULL),
(79, 79, 4, 1, NULL, NULL),
(80, 80, 10, 1, NULL, NULL),
(81, 81, 1, 1, NULL, NULL),
(82, 82, 2, 1, NULL, NULL),
(83, 83, 11, 1, NULL, NULL),
(84, 84, 3, 1, NULL, NULL),
(85, 85, 11, 1, NULL, NULL),
(86, 86, 4, 1, NULL, NULL),
(87, 87, 11, 1, NULL, NULL),
(88, 88, 1, 1, NULL, NULL),
(89, 89, 11, 1, NULL, NULL),
(90, 90, 2, 1, NULL, NULL),
(91, 91, 3, 1, NULL, NULL),
(92, 92, 11, 1, NULL, NULL),
(93, 93, 4, 1, NULL, NULL),
(94, 94, 1, 1, NULL, NULL),
(95, 95, 2, 1, NULL, NULL),
(96, 96, 3, 1, NULL, NULL),
(97, 97, 4, 1, NULL, NULL),
(98, 98, 1, 1, NULL, NULL),
(99, 99, 2, 1, NULL, NULL),
(100, 100, 3, 1, NULL, NULL),
(101, 101, 4, 1, NULL, NULL),
(102, 102, 14, 1, NULL, NULL),
(103, 103, 1, 1, NULL, NULL),
(104, 104, 2, 1, NULL, NULL),
(105, 105, 3, 1, NULL, NULL),
(106, 106, 15, 1, NULL, NULL),
(107, 107, 4, 1, NULL, NULL),
(108, 108, 12, 1, NULL, NULL),
(109, 109, 13, 1, NULL, NULL),
(110, 110, 1, 1, NULL, NULL),
(111, 111, 2, 1, NULL, NULL),
(112, 112, 16, 1, NULL, NULL),
(113, 113, 3, 1, NULL, NULL),
(114, 114, 17, 1, NULL, NULL),
(115, 115, 4, 1, NULL, NULL),
(116, 116, 8, 1, NULL, NULL),
(117, 117, 8, 1, NULL, NULL),
(118, 118, 14, 1, NULL, NULL),
(119, 119, 15, 1, NULL, NULL),
(120, 120, 5, 1, NULL, NULL),
(121, 121, 12, 1, NULL, NULL),
(122, 122, 6, 1, NULL, NULL),
(123, 123, 13, 1, NULL, NULL),
(124, 124, 7, 1, NULL, NULL),
(125, 125, 16, 1, NULL, NULL),
(126, 126, 17, 1, NULL, NULL),
(127, 127, 10, 1, NULL, NULL),
(128, 128, 8, 1, NULL, NULL),
(129, 129, 11, 1, NULL, NULL),
(130, 130, 11, 1, NULL, NULL),
(131, 131, 11, 1, NULL, NULL),
(132, 132, 5, 1, NULL, NULL),
(133, 133, 6, 1, NULL, NULL),
(134, 134, 11, 1, NULL, NULL),
(135, 135, 7, 1, NULL, NULL),
(136, 136, 10, 1, NULL, NULL),
(137, 137, 8, 1, NULL, NULL),
(138, 138, 11, 1, NULL, NULL),
(139, 139, 11, 1, NULL, NULL),
(140, 140, 11, 1, NULL, NULL),
(141, 141, 11, 1, NULL, NULL),
(142, 142, 11, 1, NULL, NULL),
(143, 143, 11, 1, NULL, NULL),
(144, 144, 1, 1, NULL, NULL),
(145, 145, 2, 1, NULL, NULL),
(146, 146, 3, 1, NULL, NULL),
(147, 147, 1, 1, NULL, NULL),
(148, 148, 2, 1, NULL, NULL),
(149, 149, 3, 1, NULL, NULL),
(150, 150, 4, 1, NULL, NULL),
(151, 151, 4, 1, NULL, NULL),
(152, 152, 1, 1, NULL, NULL),
(153, 153, 3, 1, NULL, NULL),
(154, 154, 1, 1, NULL, NULL),
(155, 155, 2, 1, NULL, NULL),
(156, 156, 3, 1, NULL, NULL),
(157, 157, 4, 1, NULL, NULL),
(158, 158, 4, 1, NULL, NULL),
(159, 159, 1, 1, NULL, NULL),
(160, 160, 2, 1, NULL, NULL),
(161, 161, 3, 1, NULL, NULL),
(162, 162, 1, 1, NULL, NULL),
(163, 163, 2, 1, NULL, NULL),
(164, 164, 4, 1, NULL, NULL),
(165, 165, 3, 1, NULL, NULL),
(166, 166, 1, 1, NULL, NULL),
(167, 167, 4, 1, NULL, NULL),
(168, 168, 2, 1, NULL, NULL),
(169, 169, 3, 1, NULL, NULL),
(170, 170, 14, 1, NULL, NULL),
(171, 171, 4, 1, NULL, NULL),
(172, 172, 15, 1, NULL, NULL),
(173, 173, 14, 1, NULL, NULL),
(174, 174, 12, 1, NULL, NULL),
(175, 175, 15, 1, NULL, NULL),
(176, 176, 13, 1, NULL, NULL),
(177, 177, 16, 1, NULL, NULL),
(178, 178, 12, 1, NULL, NULL),
(179, 179, 17, 1, NULL, NULL),
(180, 180, 13, 1, NULL, NULL),
(181, 181, 16, 1, NULL, NULL),
(182, 182, 17, 1, NULL, NULL),
(183, 183, 1, 1, NULL, NULL),
(184, 184, 2, 1, NULL, NULL),
(185, 185, 3, 1, NULL, NULL),
(186, 186, 4, 1, NULL, NULL),
(187, 187, 1, 1, NULL, NULL),
(188, 188, 2, 1, NULL, NULL),
(189, 189, 3, 1, NULL, NULL),
(190, 190, 4, 1, NULL, NULL),
(191, 191, 1, 1, NULL, NULL),
(192, 192, 2, 1, NULL, NULL),
(193, 193, 3, 1, NULL, NULL),
(194, 194, 4, 1, NULL, NULL),
(195, 195, 1, 1, NULL, NULL),
(196, 196, 2, 1, NULL, NULL),
(197, 197, 3, 1, NULL, NULL),
(198, 198, 4, 1, NULL, NULL),
(199, 199, 5, 1, NULL, NULL),
(200, 200, 6, 1, NULL, NULL),
(201, 201, 7, 1, NULL, NULL),
(202, 202, 8, 1, NULL, NULL),
(203, 203, 9, 1, NULL, NULL),
(204, 204, 10, 1, NULL, NULL),
(205, 205, 11, 1, NULL, NULL),
(206, 206, 11, 1, NULL, NULL),
(207, 207, 11, 1, NULL, NULL),
(208, 208, 11, 1, NULL, NULL),
(209, 209, 11, 1, NULL, NULL),
(210, 210, 5, 1, NULL, NULL),
(211, 211, 6, 1, NULL, NULL),
(212, 212, 10, 1, NULL, NULL),
(213, 213, 14, 1, NULL, NULL),
(214, 214, 15, 1, NULL, NULL),
(215, 215, 5, 1, NULL, NULL),
(216, 216, 14, 1, NULL, NULL),
(217, 217, 6, 1, NULL, NULL),
(218, 218, 15, 1, NULL, NULL),
(219, 219, 8, 1, NULL, NULL),
(220, 220, 11, 1, NULL, NULL),
(221, 221, 7, 1, NULL, NULL),
(222, 222, 11, 1, NULL, NULL),
(223, 223, 8, 1, NULL, NULL),
(224, 224, 11, 1, NULL, NULL),
(225, 225, 11, 1, NULL, NULL),
(226, 226, 10, 1, NULL, NULL),
(227, 227, 11, 1, NULL, NULL),
(228, 228, 11, 1, NULL, NULL),
(229, 229, 11, 1, NULL, NULL),
(230, 230, 14, 1, NULL, NULL),
(231, 231, 11, 1, NULL, NULL),
(232, 232, 15, 1, NULL, NULL),
(233, 233, 11, 1, NULL, NULL),
(234, 234, 2, 1, NULL, NULL),
(235, 235, 11, 1, NULL, NULL),
(236, 236, 3, 1, NULL, NULL),
(237, 237, 4, 1, NULL, NULL),
(238, 238, 1, 1, NULL, NULL),
(239, 239, 2, 1, NULL, NULL),
(240, 240, 1, 1, NULL, NULL),
(241, 241, 2, 1, NULL, NULL),
(242, 242, 3, 1, NULL, NULL),
(243, 243, 14, 1, NULL, NULL),
(244, 244, 3, 1, NULL, NULL),
(245, 245, 4, 1, NULL, NULL),
(246, 246, 4, 1, NULL, NULL),
(247, 247, 15, 1, NULL, NULL),
(248, 248, 1, 1, NULL, NULL),
(249, 249, 1, 1, NULL, NULL),
(250, 250, 2, 1, NULL, NULL),
(251, 251, 2, 1, NULL, NULL),
(252, 252, 3, 1, NULL, NULL),
(253, 253, 3, 1, NULL, NULL),
(254, 254, 4, 1, NULL, NULL),
(255, 255, 4, 1, NULL, NULL),
(256, 256, 14, 1, NULL, NULL),
(257, 257, 1, 1, NULL, NULL),
(258, 258, 15, 1, NULL, NULL),
(259, 259, 1, 1, NULL, NULL),
(260, 260, 2, 1, NULL, NULL),
(261, 261, 2, 1, NULL, NULL),
(262, 262, 3, 1, NULL, NULL),
(263, 263, 4, 1, NULL, NULL),
(264, 264, 3, 1, NULL, NULL),
(265, 265, 4, 1, NULL, NULL),
(266, 266, 1, 1, NULL, NULL),
(267, 267, 1, 1, NULL, NULL),
(268, 268, 2, 1, NULL, NULL),
(269, 269, 2, 1, NULL, NULL),
(270, 270, 3, 1, NULL, NULL),
(271, 271, 4, 1, NULL, NULL),
(272, 272, 5, 1, NULL, NULL),
(273, 273, 6, 1, NULL, NULL),
(274, 274, 14, 1, NULL, NULL),
(275, 275, 7, 1, NULL, NULL),
(276, 276, 15, 1, NULL, NULL),
(277, 277, 4, 1, NULL, NULL),
(278, 278, 8, 1, NULL, NULL),
(279, 279, 14, 1, NULL, NULL),
(280, 280, 10, 1, NULL, NULL),
(281, 281, 15, 1, NULL, NULL),
(282, 282, 11, 1, NULL, NULL),
(283, 283, 14, 1, NULL, NULL),
(284, 284, 11, 1, NULL, NULL),
(285, 285, 3, 1, NULL, NULL),
(286, 286, 15, 1, NULL, NULL),
(287, 287, 11, 1, NULL, NULL),
(288, 288, 11, 1, NULL, NULL),
(289, 289, 14, 1, NULL, NULL),
(290, 290, 11, 1, NULL, NULL),
(291, 291, 15, 1, NULL, NULL),
(292, 292, 1, 1, NULL, NULL),
(293, 293, 2, 1, NULL, NULL),
(294, 294, 14, 1, NULL, NULL),
(295, 295, 3, 1, NULL, NULL),
(296, 296, 15, 1, NULL, NULL),
(297, 297, 14, 1, NULL, NULL),
(298, 298, 4, 1, NULL, NULL),
(299, 299, 15, 1, NULL, NULL),
(300, 300, 14, 1, NULL, NULL),
(301, 301, 15, 1, NULL, NULL),
(302, 302, 14, 1, NULL, NULL),
(303, 303, 15, 1, NULL, NULL),
(304, 304, 14, 1, NULL, NULL),
(305, 305, 15, 1, NULL, NULL),
(306, 306, 1, 1, NULL, NULL),
(307, 307, 3, 1, NULL, NULL),
(308, 308, 4, 1, NULL, NULL),
(309, 309, 2, 1, NULL, NULL),
(310, 310, 3, 1, NULL, NULL),
(311, 311, 14, 1, NULL, NULL),
(312, 312, 15, 1, NULL, NULL),
(313, 313, 5, 1, NULL, NULL),
(314, 314, 6, 1, NULL, NULL),
(315, 315, 7, 1, NULL, NULL),
(316, 316, 11, 1, NULL, NULL),
(317, 317, 11, 1, NULL, NULL),
(318, 318, 14, 1, NULL, NULL),
(319, 319, 11, 1, NULL, NULL),
(320, 320, 15, 1, NULL, NULL),
(321, 321, 11, 1, NULL, NULL),
(322, 322, 11, 1, NULL, NULL),
(323, 323, 14, 1, NULL, NULL),
(324, 324, 15, 1, NULL, NULL),
(325, 325, 1, 1, NULL, NULL),
(326, 326, 14, 1, NULL, NULL),
(327, 327, 15, 1, NULL, NULL),
(328, 328, 2, 1, NULL, NULL),
(329, 329, 14, 1, NULL, NULL),
(330, 330, 3, 1, NULL, NULL),
(331, 331, 15, 1, NULL, NULL),
(332, 332, 14, 1, NULL, NULL),
(333, 333, 15, 1, NULL, NULL),
(334, 334, 4, 1, NULL, NULL),
(335, 335, 15, 1, NULL, NULL),
(336, 336, 14, 1, NULL, NULL),
(337, 337, 15, 1, NULL, NULL),
(338, 338, 14, 1, NULL, NULL),
(339, 339, 1, 1, NULL, NULL),
(340, 340, 2, 1, NULL, NULL),
(341, 341, 3, 1, NULL, NULL),
(342, 342, 4, 1, NULL, NULL),
(343, 343, 1, 1, NULL, NULL),
(344, 344, 3, 1, NULL, NULL),
(345, 345, 4, 1, NULL, NULL),
(346, 346, 2, 1, NULL, NULL),
(347, 347, 5, 1, NULL, NULL),
(348, 348, 6, 1, NULL, NULL),
(349, 349, 7, 1, NULL, NULL),
(350, 350, 8, 1, NULL, NULL),
(351, 351, 10, 1, NULL, NULL),
(352, 352, 11, 1, NULL, NULL),
(353, 353, 11, 1, NULL, NULL),
(354, 354, 11, 1, NULL, NULL),
(355, 355, 11, 1, NULL, NULL),
(356, 356, 11, 1, NULL, NULL),
(357, 357, 1, 1, NULL, NULL),
(358, 358, 2, 1, NULL, NULL),
(359, 359, 3, 1, NULL, NULL),
(360, 360, 4, 1, NULL, NULL),
(361, 361, 1, 1, NULL, NULL),
(362, 362, 2, 1, NULL, NULL),
(363, 363, 3, 1, NULL, NULL),
(364, 364, 4, 1, NULL, NULL),
(365, 365, 1, 1, NULL, NULL),
(366, 366, 2, 1, NULL, NULL),
(367, 367, 3, 1, NULL, NULL),
(368, 368, 4, 1, NULL, NULL),
(369, 369, 1, 1, NULL, NULL),
(370, 370, 2, 1, NULL, NULL),
(371, 371, 4, 1, NULL, NULL),
(372, 372, 3, 1, NULL, NULL),
(373, 373, 1, 1, NULL, NULL),
(374, 374, 2, 1, NULL, NULL),
(375, 375, 3, 1, NULL, NULL),
(376, 376, 4, 1, NULL, NULL),
(377, 377, 5, 1, NULL, NULL),
(378, 378, 6, 1, NULL, NULL),
(379, 379, 7, 1, NULL, NULL),
(380, 380, 8, 1, NULL, NULL),
(381, 381, 16, 1, NULL, NULL),
(382, 382, 17, 1, NULL, NULL),
(383, 383, 12, 1, NULL, NULL),
(384, 384, 13, 1, NULL, NULL),
(385, 385, 11, 1, NULL, NULL),
(386, 386, 11, 1, NULL, NULL),
(387, 387, 11, 1, NULL, NULL),
(388, 388, 11, 1, NULL, NULL),
(389, 389, 11, 1, NULL, NULL),
(390, 390, 1, 1, NULL, NULL),
(391, 391, 2, 1, NULL, NULL),
(392, 392, 3, 1, NULL, NULL),
(393, 393, 4, 1, NULL, NULL),
(394, 394, 1, 1, NULL, NULL),
(395, 395, 2, 1, NULL, NULL),
(396, 396, 3, 1, NULL, NULL),
(397, 397, 4, 1, NULL, NULL),
(398, 398, 1, 1, NULL, NULL),
(399, 399, 2, 1, NULL, NULL),
(400, 400, 3, 1, NULL, NULL),
(401, 401, 4, 1, NULL, NULL),
(402, 402, 1, 1, NULL, NULL),
(403, 403, 2, 1, NULL, NULL),
(404, 404, 3, 1, NULL, NULL),
(405, 405, 4, 1, NULL, NULL),
(406, 406, 1, 1, NULL, NULL),
(407, 407, 2, 1, NULL, NULL),
(408, 408, 3, 1, NULL, NULL),
(409, 409, 4, 1, NULL, NULL),
(410, 410, 5, 1, NULL, NULL),
(411, 411, 6, 1, NULL, NULL),
(412, 412, 7, 1, NULL, NULL),
(413, 413, 10, 1, NULL, NULL),
(414, 414, 8, 1, NULL, NULL),
(415, 415, 12, 1, NULL, NULL),
(416, 416, 13, 1, NULL, NULL),
(417, 417, 17, 1, NULL, NULL),
(418, 418, 11, 1, NULL, NULL),
(419, 419, 11, 1, NULL, NULL),
(420, 420, 11, 1, NULL, NULL),
(421, 421, 11, 1, NULL, NULL),
(422, 422, 1, 1, NULL, NULL),
(423, 423, 2, 1, NULL, NULL),
(424, 424, 3, 1, NULL, NULL),
(425, 425, 4, 1, NULL, NULL),
(426, 426, 1, 1, NULL, NULL),
(427, 427, 2, 1, NULL, NULL),
(428, 428, 3, 1, NULL, NULL),
(429, 429, 4, 1, NULL, NULL),
(430, 430, 1, 1, NULL, NULL),
(431, 431, 2, 1, NULL, NULL),
(432, 432, 3, 1, NULL, NULL),
(433, 433, 4, 1, NULL, NULL),
(434, 434, 1, 1, NULL, NULL),
(435, 435, 2, 1, NULL, NULL),
(436, 436, 3, 1, NULL, NULL),
(437, 437, 1, 1, NULL, NULL),
(438, 438, 2, 1, NULL, NULL),
(439, 439, 3, 1, NULL, NULL),
(440, 440, 4, 1, NULL, NULL),
(441, 441, 1, 1, NULL, NULL),
(442, 442, 2, 1, NULL, NULL),
(443, 443, 3, 1, NULL, NULL),
(444, 444, 4, 1, NULL, NULL),
(445, 445, 4, 1, NULL, NULL),
(446, 446, 5, 1, NULL, NULL),
(447, 447, 6, 1, NULL, NULL),
(448, 448, 7, 1, NULL, NULL),
(449, 449, 8, 1, NULL, NULL),
(450, 450, 10, 1, NULL, NULL),
(451, 451, 12, 1, NULL, NULL),
(452, 452, 13, 1, NULL, NULL),
(453, 453, 14, 1, NULL, NULL),
(454, 454, 16, 1, NULL, NULL),
(455, 455, 17, 1, NULL, NULL),
(456, 456, 11, 1, NULL, NULL),
(457, 457, 11, 1, NULL, NULL),
(458, 458, 11, 1, NULL, NULL),
(459, 459, 11, 1, NULL, NULL),
(460, 460, 11, 1, NULL, NULL),
(461, 461, 1, 1, NULL, NULL),
(462, 462, 2, 1, NULL, NULL),
(463, 463, 3, 1, NULL, NULL),
(464, 464, 4, 1, NULL, NULL),
(465, 465, 1, 1, NULL, NULL),
(466, 466, 2, 1, NULL, NULL),
(467, 467, 3, 1, NULL, NULL),
(468, 468, 4, 1, NULL, NULL),
(469, 469, 1, 1, NULL, NULL),
(470, 470, 2, 1, NULL, NULL),
(471, 471, 3, 1, NULL, NULL),
(472, 472, 4, 1, NULL, NULL),
(473, 473, 1, 1, NULL, NULL),
(474, 474, 2, 1, NULL, NULL),
(475, 475, 3, 1, NULL, NULL),
(476, 476, 4, 1, NULL, NULL),
(477, 477, 1, 1, NULL, NULL),
(478, 478, 2, 1, NULL, NULL),
(479, 479, 3, 1, NULL, NULL),
(480, 480, 4, 1, NULL, NULL),
(481, 481, 5, 1, NULL, NULL),
(482, 482, 6, 1, NULL, NULL),
(483, 483, 7, 1, NULL, NULL),
(484, 484, 10, 1, NULL, NULL),
(485, 485, 12, 1, NULL, NULL),
(486, 486, 13, 1, NULL, NULL),
(487, 487, 16, 1, NULL, NULL),
(488, 488, 17, 1, NULL, NULL),
(489, 489, 8, 1, NULL, NULL),
(490, 490, 11, 1, NULL, NULL),
(491, 491, 11, 1, NULL, NULL),
(492, 492, 11, 1, NULL, NULL),
(493, 493, 11, 1, NULL, NULL),
(494, 494, 11, 1, NULL, NULL),
(495, 495, 1, 1, NULL, NULL),
(496, 496, 2, 1, NULL, NULL),
(497, 497, 3, 1, NULL, NULL),
(498, 498, 4, 1, NULL, NULL),
(499, 499, 1, 1, NULL, NULL),
(500, 500, 2, 1, NULL, NULL),
(501, 501, 3, 1, NULL, NULL),
(502, 502, 4, 1, NULL, NULL),
(503, 503, 1, 1, NULL, NULL),
(504, 504, 2, 1, NULL, NULL),
(505, 505, 3, 1, NULL, NULL),
(506, 506, 4, 1, NULL, NULL),
(507, 507, 1, 1, NULL, NULL),
(508, 508, 2, 1, NULL, NULL),
(509, 509, 3, 1, NULL, NULL),
(510, 510, 4, 1, NULL, NULL),
(511, 511, 1, 1, NULL, NULL),
(512, 512, 2, 1, NULL, NULL),
(513, 513, 3, 1, NULL, NULL),
(514, 514, 4, 1, NULL, NULL),
(516, 516, 5, 1, NULL, NULL),
(517, 517, 6, 1, NULL, NULL),
(518, 518, 7, 1, NULL, NULL),
(519, 519, 8, 1, NULL, NULL),
(520, 520, 10, 1, NULL, NULL),
(521, 521, 12, 1, NULL, NULL),
(522, 522, 13, 1, NULL, NULL),
(523, 523, 16, 1, NULL, NULL),
(524, 524, 17, 1, NULL, NULL),
(525, 525, 18, 1, NULL, NULL),
(526, 526, 11, 1, NULL, NULL),
(527, 527, 11, 1, NULL, NULL),
(528, 528, 11, 1, NULL, NULL),
(529, 529, 11, 1, NULL, NULL),
(530, 530, 1, 1, NULL, NULL),
(531, 531, 2, 1, NULL, NULL),
(532, 532, 3, 1, NULL, NULL),
(533, 533, 4, 1, NULL, NULL),
(534, 534, 1, 1, NULL, NULL),
(535, 535, 2, 1, NULL, NULL),
(536, 536, 3, 1, NULL, NULL),
(537, 537, 4, 1, NULL, NULL),
(538, 538, 1, 1, NULL, NULL),
(539, 539, 2, 1, NULL, NULL),
(540, 540, 3, 1, NULL, NULL),
(541, 541, 4, 1, NULL, NULL),
(542, 542, 2, 1, NULL, NULL),
(543, 543, 4, 1, NULL, NULL),
(544, 544, 5, 1, NULL, NULL),
(545, 545, 6, 1, NULL, NULL),
(546, 546, 7, 1, NULL, NULL),
(547, 547, 10, 1, NULL, NULL),
(548, 548, 11, 1, NULL, NULL),
(549, 549, 11, 1, NULL, NULL),
(550, 550, 11, 1, NULL, NULL),
(551, 551, 1, 1, NULL, NULL),
(552, 552, 2, 1, NULL, NULL),
(553, 553, 3, 1, NULL, NULL),
(554, 554, 4, 1, NULL, NULL),
(555, 555, 1, 1, NULL, NULL),
(556, 556, 2, 1, NULL, NULL),
(557, 557, 3, 1, NULL, NULL),
(558, 558, 4, 1, NULL, NULL),
(559, 559, 1, 1, NULL, NULL),
(560, 560, 2, 1, NULL, NULL),
(561, 561, 4, 1, NULL, NULL),
(562, 562, 1, 1, NULL, NULL),
(563, 563, 2, 1, NULL, NULL),
(564, 564, 3, 1, NULL, NULL),
(565, 565, 4, 1, NULL, NULL),
(566, 566, 1, 1, NULL, NULL),
(567, 567, 2, 1, NULL, NULL),
(568, 568, 3, 1, NULL, NULL),
(569, 569, 4, 1, NULL, NULL),
(570, 570, 1, 1, NULL, NULL),
(571, 571, 2, 1, NULL, NULL),
(572, 572, 3, 1, NULL, NULL),
(573, 573, 4, 1, NULL, NULL),
(574, 574, 5, 1, NULL, NULL),
(575, 575, 6, 1, NULL, NULL),
(576, 576, 7, 1, NULL, NULL),
(577, 577, 10, 1, NULL, NULL),
(578, 578, 11, 1, NULL, NULL),
(579, 579, 11, 1, NULL, NULL),
(580, 580, 11, 1, NULL, NULL),
(581, 581, 11, 1, NULL, NULL),
(582, 582, 11, 1, NULL, NULL),
(583, 583, 1, 1, NULL, NULL),
(584, 584, 2, 1, NULL, NULL),
(585, 585, 3, 1, NULL, NULL),
(586, 586, 4, 1, NULL, NULL),
(587, 587, 2, 1, NULL, NULL),
(588, 588, 3, 1, NULL, NULL),
(589, 589, 4, 1, NULL, NULL),
(590, 590, 1, 1, NULL, NULL),
(591, 591, 2, 1, NULL, NULL),
(592, 592, 3, 1, NULL, NULL),
(593, 593, 4, 1, NULL, NULL),
(594, 594, 1, 1, NULL, NULL),
(595, 595, 2, 1, NULL, NULL),
(596, 596, 3, 1, NULL, NULL),
(597, 597, 4, 1, NULL, NULL),
(598, 598, 1, 1, NULL, NULL),
(599, 599, 2, 1, NULL, NULL),
(600, 600, 3, 1, NULL, NULL),
(601, 601, 4, 1, NULL, NULL),
(602, 602, 5, 1, NULL, NULL),
(603, 603, 6, 1, NULL, NULL),
(604, 604, 7, 1, NULL, NULL),
(605, 605, 8, 1, NULL, NULL),
(606, 606, 10, 1, NULL, NULL),
(607, 607, 11, 1, NULL, NULL),
(608, 608, 11, 1, NULL, NULL),
(609, 609, 11, 1, NULL, NULL),
(610, 610, 11, 1, NULL, NULL),
(611, 611, 11, 1, NULL, NULL),
(612, 612, 1, 1, NULL, NULL),
(613, 613, 2, 1, NULL, NULL),
(614, 614, 3, 1, NULL, NULL),
(615, 615, 4, 1, NULL, NULL),
(616, 616, 1, 1, NULL, NULL),
(617, 617, 2, 1, NULL, NULL),
(618, 618, 3, 1, NULL, NULL),
(619, 619, 4, 1, NULL, NULL),
(620, 620, 1, 1, NULL, NULL),
(621, 621, 2, 1, NULL, NULL),
(622, 622, 3, 1, NULL, NULL),
(623, 623, 4, 1, NULL, NULL),
(624, 624, 1, 1, NULL, NULL),
(625, 625, 2, 1, NULL, NULL),
(626, 626, 3, 1, NULL, NULL),
(627, 627, 4, 1, NULL, NULL),
(628, 628, 6, 1, NULL, NULL),
(629, 629, 11, 1, NULL, NULL),
(630, 630, 11, 1, NULL, NULL),
(631, 631, 11, 1, NULL, NULL),
(632, 632, 11, 1, NULL, NULL),
(633, 633, 11, 1, NULL, NULL),
(634, 634, 1, 1, NULL, NULL),
(635, 635, 2, 1, NULL, NULL),
(636, 636, 3, 1, NULL, NULL),
(637, 637, 4, 1, NULL, NULL),
(638, 638, 1, 1, NULL, NULL),
(639, 639, 2, 1, NULL, NULL),
(640, 640, 3, 1, NULL, NULL),
(641, 641, 4, 1, NULL, NULL),
(642, 642, 1, 1, NULL, NULL),
(643, 643, 2, 1, NULL, NULL),
(644, 644, 3, 1, NULL, NULL),
(645, 645, 4, 1, NULL, NULL),
(646, 646, 1, 1, NULL, NULL),
(647, 647, 2, 1, NULL, NULL),
(648, 648, 3, 1, NULL, NULL),
(649, 649, 4, 1, NULL, NULL),
(650, 650, 1, 1, NULL, NULL),
(651, 651, 2, 1, NULL, NULL),
(652, 652, 3, 1, NULL, NULL),
(653, 653, 4, 1, NULL, NULL),
(654, 654, 16, 1, NULL, NULL),
(655, 655, 17, 1, NULL, NULL),
(656, 656, 12, 1, NULL, NULL),
(657, 657, 13, 1, NULL, NULL),
(658, 658, 7, 1, NULL, NULL),
(659, 659, 8, 1, NULL, NULL),
(660, 660, 9, 1, NULL, NULL),
(661, 661, 5, 1, NULL, NULL),
(662, 662, 6, 1, NULL, NULL),
(663, 663, 7, 1, NULL, NULL),
(664, 664, 10, 1, NULL, NULL),
(665, 665, 12, 1, NULL, NULL),
(666, 666, 13, 1, NULL, NULL),
(667, 667, 16, 1, NULL, NULL),
(668, 668, 17, 1, NULL, NULL),
(669, 669, 1, 1, NULL, NULL),
(670, 670, 2, 1, NULL, NULL),
(671, 671, 3, 1, NULL, NULL),
(672, 672, 4, 1, NULL, NULL),
(673, 673, 1, 1, NULL, NULL),
(674, 674, 2, 1, NULL, NULL),
(675, 675, 3, 1, NULL, NULL),
(676, 676, 4, 1, NULL, NULL),
(677, 677, 1, 1, NULL, NULL),
(678, 678, 2, 1, NULL, NULL),
(679, 679, 3, 1, NULL, NULL),
(680, 680, 4, 1, NULL, NULL),
(681, 681, 1, 1, NULL, NULL),
(682, 682, 2, 1, NULL, NULL),
(683, 683, 3, 1, NULL, NULL),
(684, 684, 4, 1, NULL, NULL),
(685, 685, 1, 1, NULL, NULL),
(686, 686, 2, 1, NULL, NULL),
(687, 687, 3, 1, NULL, NULL),
(688, 688, 4, 1, NULL, NULL),
(689, 689, 8, 1, NULL, NULL),
(690, 690, 5, 1, NULL, NULL),
(691, 691, 6, 1, NULL, NULL),
(692, 692, 7, 1, NULL, NULL),
(693, 693, 10, 1, NULL, NULL),
(694, 694, 51, 1, NULL, NULL),
(695, 695, 11, 1, NULL, NULL),
(696, 696, 11, 1, NULL, NULL),
(697, 697, 11, 1, NULL, NULL),
(698, 698, 11, 1, NULL, NULL),
(699, 699, 11, 1, NULL, NULL),
(700, 700, 8, 1, NULL, NULL),
(701, 701, 1, 1, NULL, NULL),
(702, 702, 2, 1, NULL, NULL),
(703, 703, 3, 1, NULL, NULL),
(704, 704, 4, 1, NULL, NULL),
(705, 705, 1, 1, NULL, NULL),
(706, 706, 2, 1, NULL, NULL),
(707, 707, 3, 1, NULL, NULL),
(708, 708, 4, 1, NULL, NULL),
(709, 709, 1, 1, NULL, NULL),
(710, 710, 2, 1, NULL, NULL),
(711, 711, 3, 1, NULL, NULL),
(712, 712, 4, 1, NULL, NULL),
(713, 713, 1, 1, NULL, NULL),
(714, 714, 2, 1, NULL, NULL),
(715, 715, 3, 1, NULL, NULL),
(716, 716, 4, 1, NULL, NULL),
(717, 717, 1, 1, NULL, NULL),
(718, 718, 2, 1, NULL, NULL),
(719, 719, 3, 1, NULL, NULL),
(720, 720, 4, 1, NULL, NULL),
(721, 721, 1, 1, NULL, NULL),
(722, 722, 2, 1, NULL, NULL),
(723, 723, 3, 1, NULL, NULL),
(724, 724, 4, 1, NULL, NULL),
(725, 725, 16, 1, NULL, NULL),
(726, 726, 17, 1, NULL, NULL),
(727, 727, 15, 1, NULL, NULL),
(728, 728, 12, 1, NULL, NULL),
(729, 729, 13, 1, NULL, NULL),
(730, 730, 14, 1, NULL, NULL),
(731, 731, 15, 1, NULL, NULL),
(733, 733, 11, 1, NULL, NULL),
(734, 734, 11, 1, NULL, NULL),
(735, 735, 11, 1, NULL, NULL),
(736, 736, 11, 1, NULL, NULL),
(737, 737, 11, 1, NULL, NULL);

-- --------------------------------------------------------

--
-- Table structure for table `leader_region`
--

CREATE TABLE `leader_region` (
  `id` bigint(20) UNSIGNED NOT NULL,
  `leader_id` bigint(20) UNSIGNED NOT NULL,
  `region_id` bigint(20) UNSIGNED NOT NULL,
  `isActive` tinyint(1) NOT NULL DEFAULT 0,
  `post_id` varchar(255) COLLATE utf8mb4_unicode_ci NOT NULL,
  `created_at` timestamp NULL DEFAULT NULL,
  `updated_at` timestamp NULL DEFAULT NULL
) ENGINE=InnoDB DEFAULT CHARSET=utf8mb4 COLLATE=utf8mb4_unicode_ci;

-- --------------------------------------------------------

--
-- Table structure for table `leader_sms`
--

CREATE TABLE `leader_sms` (
  `id` bigint(20) UNSIGNED NOT NULL,
  `sms_id` bigint(20) UNSIGNED NOT NULL,
  `leader_id` bigint(20) UNSIGNED NOT NULL,
  `created_at` timestamp NULL DEFAULT NULL,
  `updated_at` timestamp NULL DEFAULT NULL
) ENGINE=InnoDB DEFAULT CHARSET=utf8mb4 COLLATE=utf8mb4_unicode_ci;

-- --------------------------------------------------------

--
-- Table structure for table `leader_state`
--

CREATE TABLE `leader_state` (
  `id` bigint(20) UNSIGNED NOT NULL,
  `leader_id` bigint(20) UNSIGNED NOT NULL,
  `state_id` bigint(20) UNSIGNED NOT NULL,
  `isActive` tinyint(1) NOT NULL DEFAULT 0,
  `post_id` varchar(255) COLLATE utf8mb4_unicode_ci NOT NULL,
  `created_at` timestamp NULL DEFAULT NULL,
  `updated_at` timestamp NULL DEFAULT NULL
) ENGINE=InnoDB DEFAULT CHARSET=utf8mb4 COLLATE=utf8mb4_unicode_ci;

--
-- Dumping data for table `leader_state`
--

INSERT INTO `leader_state` (`id`, `leader_id`, `state_id`, `isActive`, `post_id`, `created_at`, `updated_at`) VALUES
(1, 694, 1, 1, '51', '2023-02-11 14:48:05', NULL);

-- --------------------------------------------------------

--
-- Table structure for table `leader_ward`
--

CREATE TABLE `leader_ward` (
  `id` bigint(20) UNSIGNED NOT NULL,
  `leader_id` bigint(20) UNSIGNED NOT NULL,
  `ward_id` bigint(20) UNSIGNED NOT NULL,
  `isActive` tinyint(1) NOT NULL DEFAULT 0,
  `post_id` varchar(255) COLLATE utf8mb4_unicode_ci NOT NULL,
  `created_at` timestamp NULL DEFAULT NULL,
  `updated_at` timestamp NULL DEFAULT NULL
) ENGINE=InnoDB DEFAULT CHARSET=utf8mb4 COLLATE=utf8mb4_unicode_ci;

--
-- Dumping data for table `leader_ward`
--

INSERT INTO `leader_ward` (`id`, `leader_id`, `ward_id`, `isActive`, `post_id`, `created_at`, `updated_at`) VALUES
(1, 1, 1, 1, '5', '2023-01-27 10:49:54', NULL),
(2, 2, 2, 1, '5', '2023-01-27 10:50:13', NULL),
(3, 3, 2, 1, '6', '2023-01-27 10:51:15', NULL),
(4, 4, 2, 1, '7', '2023-01-27 10:52:15', NULL),
(5, 5, 1, 1, '6', '2023-01-27 10:54:31', NULL),
(6, 6, 2, 1, '8', '2023-01-27 10:54:43', NULL),
(7, 7, 1, 1, '7', '2023-01-27 10:55:24', NULL),
(8, 8, 1, 1, '8', '2023-01-27 10:57:56', NULL),
(9, 9, 2, 1, '10', '2023-01-27 11:05:58', NULL),
(10, 10, 2, 1, '11', '2023-01-27 11:06:37', NULL),
(11, 11, 2, 1, '11', '2023-01-27 11:07:20', NULL),
(12, 12, 2, 1, '11', '2023-01-27 11:08:08', NULL),
(13, 13, 1, 1, '14', '2023-01-27 11:08:57', NULL),
(14, 14, 2, 1, '11', '2023-01-27 11:09:10', NULL),
(15, 15, 2, 1, '16', '2023-01-27 11:10:09', NULL),
(16, 16, 1, 1, '15', '2023-01-27 11:10:27', NULL),
(17, 17, 2, 1, '17', '2023-01-27 11:13:01', NULL),
(18, 18, 2, 1, '12', '2023-01-27 11:13:59', NULL),
(19, 19, 2, 1, '13', '2023-01-27 11:14:43', NULL),
(20, 20, 2, 1, '14', '2023-01-27 11:16:46', NULL),
(21, 21, 2, 1, '15', '2023-01-27 11:20:11', NULL),
(22, 22, 1, 1, '13', '2023-01-27 11:25:19', NULL),
(23, 34, 2, 1, '11', '2023-01-27 13:53:42', NULL),
(24, 36, 1, 1, '16', '2023-01-27 14:52:12', NULL),
(25, 37, 1, 1, '17', '2023-01-27 14:52:53', NULL),
(26, 52, 1, 1, '10', '2023-01-27 15:20:36', NULL),
(27, 53, 1, 1, '11', '2023-01-27 16:55:30', NULL),
(28, 54, 1, 1, '11', '2023-01-27 16:56:36', NULL),
(29, 55, 1, 1, '11', '2023-01-27 17:00:12', NULL),
(30, 56, 1, 1, '11', '2023-01-27 17:00:53', NULL),
(31, 57, 1, 1, '11', '2023-01-27 17:02:10', NULL),
(32, 58, 1, 1, '12', '2023-01-27 17:09:37', NULL),
(33, 59, 16, 1, '5', '2023-01-28 10:51:32', NULL),
(34, 60, 16, 1, '6', '2023-01-28 10:54:13', NULL),
(35, 61, 16, 1, '7', '2023-01-28 10:54:39', NULL),
(36, 62, 16, 1, '10', '2023-01-28 11:04:06', NULL),
(37, 63, 16, 1, '9', '2023-01-28 11:08:57', NULL),
(38, 64, 16, 1, '11', '2023-01-28 11:13:30', NULL),
(39, 65, 16, 1, '11', '2023-01-28 11:16:03', NULL),
(40, 66, 16, 1, '11', '2023-01-28 11:17:31', NULL),
(41, 67, 16, 1, '11', '2023-01-28 11:17:59', NULL),
(42, 68, 16, 1, '11', '2023-01-28 11:18:29', NULL),
(43, 75, 23, 1, '5', '2023-01-28 11:25:44', NULL),
(44, 76, 23, 1, '6', '2023-01-28 11:26:30', NULL),
(45, 78, 23, 1, '7', '2023-01-28 11:27:36', NULL),
(46, 80, 23, 1, '10', '2023-01-28 11:28:23', NULL),
(47, 83, 23, 1, '11', '2023-01-28 11:30:33', NULL),
(48, 85, 23, 1, '11', '2023-01-28 11:31:53', NULL),
(49, 87, 23, 1, '11', '2023-01-28 11:33:02', NULL),
(50, 89, 23, 1, '11', '2023-01-28 11:33:46', NULL),
(51, 92, 23, 1, '11', '2023-01-28 11:34:35', NULL),
(52, 102, 16, 1, '14', '2023-01-28 11:46:46', NULL),
(53, 106, 16, 1, '15', '2023-01-28 11:48:48', NULL),
(54, 108, 16, 1, '12', '2023-01-28 11:49:30', NULL),
(55, 109, 16, 1, '13', '2023-01-28 11:50:42', NULL),
(56, 112, 16, 1, '16', '2023-01-28 11:52:02', NULL),
(57, 114, 16, 1, '17', '2023-01-28 11:52:35', NULL),
(58, 116, 23, 1, '8', '2023-01-28 11:55:08', NULL),
(59, 117, 16, 1, '8', '2023-01-28 11:57:07', NULL),
(60, 118, 23, 1, '14', '2023-01-28 11:57:39', NULL),
(61, 119, 23, 1, '15', '2023-01-28 11:58:51', NULL),
(62, 120, 18, 1, '5', '2023-01-28 11:58:55', NULL),
(63, 121, 23, 1, '12', '2023-01-28 11:59:44', NULL),
(64, 122, 18, 1, '6', '2023-01-28 12:00:20', NULL),
(65, 123, 23, 1, '13', '2023-01-28 12:00:32', NULL),
(66, 124, 18, 1, '7', '2023-01-28 12:01:38', NULL),
(67, 125, 23, 1, '16', '2023-01-28 12:01:51', NULL),
(68, 126, 23, 1, '17', '2023-01-28 12:02:53', NULL),
(69, 127, 18, 1, '10', '2023-01-28 12:03:05', NULL),
(70, 128, 18, 1, '8', '2023-01-28 12:04:30', NULL),
(71, 129, 18, 1, '11', '2023-01-28 12:06:05', NULL),
(72, 130, 18, 1, '11', '2023-01-28 12:06:38', NULL),
(73, 131, 18, 1, '11', '2023-01-28 12:07:37', NULL),
(74, 132, 17, 1, '5', '2023-01-28 12:07:47', NULL),
(75, 133, 17, 1, '6', '2023-01-28 12:09:32', NULL),
(76, 134, 18, 1, '11', '2023-01-28 12:09:34', NULL),
(77, 135, 17, 1, '7', '2023-01-28 12:10:10', NULL),
(78, 136, 17, 1, '10', '2023-01-28 12:10:51', NULL),
(79, 137, 17, 1, '8', '2023-01-28 12:11:51', NULL),
(80, 138, 17, 1, '11', '2023-01-28 12:12:54', NULL),
(81, 139, 18, 1, '11', '2023-01-28 12:13:03', NULL),
(82, 140, 17, 1, '11', '2023-01-28 12:13:28', NULL),
(83, 141, 17, 1, '11', '2023-01-28 12:14:00', NULL),
(84, 142, 17, 1, '11', '2023-01-28 12:14:34', NULL),
(85, 143, 17, 1, '11', '2023-01-28 12:15:10', NULL),
(86, 170, 17, 1, '14', '2023-01-28 12:29:29', NULL),
(87, 172, 17, 1, '15', '2023-01-28 12:30:20', NULL),
(88, 173, 18, 1, '14', '2023-01-28 12:31:18', NULL),
(89, 174, 17, 1, '12', '2023-01-28 12:31:41', NULL),
(90, 175, 18, 1, '15', '2023-01-28 12:32:13', NULL),
(91, 176, 17, 1, '13', '2023-01-28 12:32:45', NULL),
(92, 177, 17, 1, '16', '2023-01-28 12:33:47', NULL),
(93, 178, 18, 1, '12', '2023-01-28 12:34:16', NULL),
(94, 179, 17, 1, '17', '2023-01-28 12:34:30', NULL),
(95, 180, 18, 1, '13', '2023-01-28 12:35:28', NULL),
(96, 181, 18, 1, '16', '2023-01-28 12:36:56', NULL),
(97, 182, 18, 1, '17', '2023-01-28 12:37:39', NULL),
(98, 199, 20, 1, '5', '2023-01-28 14:01:02', NULL),
(99, 200, 20, 1, '6', '2023-01-28 14:02:07', NULL),
(100, 201, 20, 1, '7', '2023-01-28 14:03:21', NULL),
(101, 202, 20, 1, '8', '2023-01-28 14:04:18', NULL),
(102, 203, 20, 1, '9', '2023-01-28 14:05:01', NULL),
(103, 204, 20, 1, '10', '2023-01-28 14:06:01', NULL),
(104, 205, 20, 1, '11', '2023-01-28 14:08:59', NULL),
(105, 206, 20, 1, '11', '2023-01-28 14:09:41', NULL),
(106, 207, 20, 1, '11', '2023-01-28 14:11:16', NULL),
(107, 208, 20, 1, '11', '2023-01-28 14:12:00', NULL),
(108, 209, 20, 1, '11', '2023-01-28 14:12:35', NULL),
(109, 210, 31, 1, '5', '2023-01-28 14:29:15', NULL),
(110, 211, 31, 1, '6', '2023-01-28 14:29:53', NULL),
(111, 212, 31, 1, '10', '2023-01-28 14:33:56', NULL),
(112, 213, 8, 1, '14', '2023-01-28 14:39:45', NULL),
(113, 214, 8, 1, '15', '2023-01-28 14:40:16', NULL),
(114, 215, 24, 1, '5', '2023-01-28 14:40:31', NULL),
(115, 216, 5, 1, '14', '2023-01-28 14:42:16', NULL),
(116, 217, 24, 1, '6', '2023-01-28 14:42:42', NULL),
(117, 218, 5, 1, '15', '2023-01-28 14:42:55', NULL),
(118, 219, 31, 1, '8', '2023-01-28 14:43:13', NULL),
(119, 220, 31, 1, '11', '2023-01-28 14:43:47', NULL),
(120, 221, 24, 1, '7', '2023-01-28 14:44:04', NULL),
(121, 222, 31, 1, '11', '2023-01-28 14:44:23', NULL),
(122, 223, 24, 1, '8', '2023-01-28 14:44:46', NULL),
(123, 224, 31, 1, '11', '2023-01-28 14:44:51', NULL),
(124, 225, 31, 1, '11', '2023-01-28 14:45:23', NULL),
(125, 226, 24, 1, '10', '2023-01-28 14:45:50', NULL),
(126, 227, 31, 1, '11', '2023-01-28 14:45:52', NULL),
(127, 228, 24, 1, '11', '2023-01-28 14:46:47', NULL),
(128, 229, 24, 1, '11', '2023-01-28 14:47:17', NULL),
(129, 230, 6, 1, '14', '2023-01-28 14:47:29', NULL),
(130, 231, 24, 1, '11', '2023-01-28 14:47:38', NULL),
(131, 232, 6, 1, '15', '2023-01-28 14:48:06', NULL),
(132, 233, 24, 1, '11', '2023-01-28 14:48:12', NULL),
(133, 235, 24, 1, '11', '2023-01-28 14:48:35', NULL),
(134, 243, 31, 1, '14', '2023-01-28 14:55:49', NULL),
(135, 247, 31, 1, '15', '2023-01-28 14:56:45', NULL),
(136, 256, 4, 1, '14', '2023-01-28 14:58:42', NULL),
(137, 258, 4, 1, '15', '2023-01-28 14:59:17', NULL),
(138, 272, 26, 1, '5', '2023-01-28 15:05:57', NULL),
(139, 273, 26, 1, '6', '2023-01-28 15:06:35', NULL),
(140, 274, 9, 1, '14', '2023-01-28 15:06:51', NULL),
(141, 275, 26, 1, '7', '2023-01-28 15:07:14', NULL),
(142, 276, 9, 1, '15', '2023-01-28 15:07:25', NULL),
(143, 278, 26, 1, '8', '2023-01-28 15:08:01', NULL),
(144, 279, 7, 1, '14', '2023-01-28 15:08:02', NULL),
(145, 280, 26, 1, '10', '2023-01-28 15:08:31', NULL),
(146, 281, 7, 1, '15', '2023-01-28 15:08:37', NULL),
(147, 282, 26, 1, '11', '2023-01-28 15:09:16', NULL),
(148, 283, 30, 1, '14', '2023-01-28 15:10:45', NULL),
(149, 284, 26, 1, '11', '2023-01-28 15:10:49', NULL),
(150, 286, 30, 1, '15', '2023-01-28 15:11:07', NULL),
(151, 287, 26, 1, '11', '2023-01-28 15:11:24', NULL),
(152, 288, 26, 1, '11', '2023-01-28 15:11:56', NULL),
(153, 289, 26, 1, '14', '2023-01-28 15:12:27', NULL),
(154, 290, 26, 1, '11', '2023-01-28 15:12:28', NULL),
(155, 291, 26, 1, '15', '2023-01-28 15:13:05', NULL),
(156, 294, 24, 1, '14', '2023-01-28 15:14:00', NULL),
(157, 296, 24, 1, '15', '2023-01-28 15:14:23', NULL),
(158, 297, 27, 1, '14', '2023-01-28 15:14:50', NULL),
(159, 299, 27, 1, '15', '2023-01-28 15:15:10', NULL),
(160, 300, 25, 1, '14', '2023-01-28 15:16:10', NULL),
(161, 301, 25, 1, '15', '2023-01-28 15:16:42', NULL),
(162, 302, 28, 1, '14', '2023-01-28 15:17:37', NULL),
(163, 303, 28, 1, '15', '2023-01-28 15:17:57', NULL),
(164, 304, 29, 1, '14', '2023-01-28 15:18:38', NULL),
(165, 305, 29, 1, '15', '2023-01-28 15:19:32', NULL),
(166, 311, 19, 1, '14', '2023-01-28 15:35:49', NULL),
(167, 312, 19, 1, '15', '2023-01-28 15:36:19', NULL),
(168, 313, 27, 1, '5', '2023-01-28 15:36:27', NULL),
(169, 314, 27, 1, '6', '2023-01-28 15:37:40', NULL),
(170, 315, 27, 1, '7', '2023-01-28 15:38:22', NULL),
(171, 316, 27, 1, '11', '2023-01-28 15:40:53', NULL),
(172, 317, 27, 1, '11', '2023-01-28 15:41:30', NULL),
(173, 318, 20, 1, '14', '2023-01-28 15:41:53', NULL),
(174, 319, 27, 1, '11', '2023-01-28 15:42:14', NULL),
(175, 320, 20, 1, '15', '2023-01-28 15:42:51', NULL),
(176, 321, 27, 1, '11', '2023-01-28 15:43:00', NULL),
(177, 322, 27, 1, '11', '2023-01-28 15:43:36', NULL),
(178, 323, 22, 1, '14', '2023-01-28 15:48:59', NULL),
(179, 324, 22, 1, '15', '2023-01-28 15:49:25', NULL),
(180, 326, 10, 1, '14', '2023-01-28 15:50:12', NULL),
(181, 327, 10, 1, '15', '2023-01-28 15:50:45', NULL),
(182, 329, 13, 1, '14', '2023-01-28 15:51:34', NULL),
(183, 331, 13, 1, '15', '2023-01-28 16:30:44', NULL),
(184, 332, 14, 1, '14', '2023-01-28 16:31:57', NULL),
(185, 333, 14, 1, '15', '2023-01-28 16:32:22', NULL),
(186, 335, 12, 1, '15', '2023-01-28 16:34:45', NULL),
(187, 336, 15, 1, '14', '2023-01-28 16:36:42', NULL),
(188, 337, 15, 1, '15', '2023-01-28 16:38:50', NULL),
(189, 338, 11, 1, '14', '2023-01-28 16:40:35', NULL),
(190, 347, 30, 1, '5', '2023-01-28 17:04:31', NULL),
(191, 348, 30, 1, '6', '2023-01-28 17:05:43', NULL),
(192, 349, 30, 1, '7', '2023-01-28 17:06:26', NULL),
(193, 350, 30, 1, '8', '2023-01-28 17:06:59', NULL),
(194, 351, 30, 1, '10', '2023-01-28 17:08:04', NULL),
(195, 352, 30, 1, '11', '2023-01-28 17:08:59', NULL),
(196, 353, 30, 1, '11', '2023-01-28 17:09:58', NULL),
(197, 354, 30, 1, '11', '2023-01-28 17:10:28', NULL),
(198, 355, 30, 1, '11', '2023-01-28 17:11:06', NULL),
(199, 356, 30, 1, '11', '2023-01-28 17:11:49', NULL),
(200, 377, 22, 1, '5', '2023-01-28 18:05:52', NULL),
(201, 378, 22, 1, '6', '2023-01-28 18:06:57', NULL),
(202, 379, 22, 1, '7', '2023-01-28 18:08:05', NULL),
(203, 380, 22, 1, '8', '2023-01-28 18:09:03', NULL),
(204, 381, 22, 1, '16', '2023-01-28 18:13:58', NULL),
(205, 382, 22, 1, '17', '2023-01-28 18:14:37', NULL),
(206, 383, 22, 1, '12', '2023-01-28 18:15:28', NULL),
(207, 384, 22, 1, '13', '2023-01-28 18:16:11', NULL),
(208, 385, 22, 1, '11', '2023-01-28 18:17:19', NULL),
(209, 386, 22, 1, '11', '2023-01-28 18:17:55', NULL),
(210, 387, 22, 1, '11', '2023-01-28 18:18:39', NULL),
(211, 388, 22, 1, '11', '2023-01-28 18:19:41', NULL),
(212, 389, 22, 1, '11', '2023-01-28 18:20:27', NULL),
(213, 410, 5, 1, '5', '2023-01-29 15:37:34', NULL),
(214, 411, 5, 1, '6', '2023-01-29 15:38:19', NULL),
(215, 412, 5, 1, '7', '2023-01-29 15:38:57', NULL),
(216, 413, 5, 1, '10', '2023-01-29 15:39:46', NULL),
(217, 414, 5, 1, '8', '2023-01-29 15:40:22', NULL),
(218, 415, 5, 1, '12', '2023-01-29 15:41:04', NULL),
(219, 416, 5, 1, '13', '2023-01-29 15:41:54', NULL),
(220, 417, 5, 1, '17', '2023-01-29 15:43:44', NULL),
(221, 418, 5, 1, '11', '2023-01-29 15:45:56', NULL),
(222, 419, 5, 1, '11', '2023-01-29 15:46:51', NULL),
(223, 420, 5, 1, '11', '2023-01-29 15:47:29', NULL),
(224, 421, 5, 1, '11', '2023-01-29 15:48:07', NULL),
(225, 446, 12, 1, '5', '2023-01-30 11:23:07', NULL),
(226, 447, 12, 1, '6', '2023-01-30 11:23:42', NULL),
(227, 448, 12, 1, '7', '2023-01-30 11:24:43', NULL),
(228, 449, 12, 1, '8', '2023-01-30 11:25:07', NULL),
(229, 450, 12, 1, '10', '2023-01-30 11:25:37', NULL),
(230, 451, 12, 1, '12', '2023-01-30 11:26:04', NULL),
(231, 452, 12, 1, '13', '2023-01-30 11:26:32', NULL),
(232, 453, 12, 1, '14', '2023-01-30 11:27:30', NULL),
(233, 454, 12, 1, '16', '2023-01-30 11:28:05', NULL),
(234, 455, 12, 1, '17', '2023-01-30 11:28:34', NULL),
(235, 456, 12, 1, '11', '2023-01-30 11:30:24', NULL),
(236, 457, 12, 1, '11', '2023-01-30 11:30:39', NULL),
(237, 458, 12, 1, '11', '2023-01-30 11:31:02', NULL),
(238, 459, 12, 1, '11', '2023-01-30 11:31:28', NULL),
(239, 460, 12, 1, '11', '2023-01-30 11:32:00', NULL),
(240, 481, 14, 1, '5', '2023-01-31 09:59:15', NULL),
(241, 482, 14, 1, '6', '2023-01-31 10:00:40', NULL),
(242, 483, 14, 1, '7', '2023-01-31 10:01:32', NULL),
(243, 484, 14, 1, '10', '2023-01-31 10:02:45', NULL),
(244, 485, 14, 1, '12', '2023-01-31 10:03:50', NULL),
(245, 486, 14, 1, '13', '2023-01-31 10:04:25', NULL),
(246, 487, 14, 1, '16', '2023-01-31 10:05:10', NULL),
(247, 488, 14, 1, '17', '2023-01-31 10:06:28', NULL),
(248, 489, 14, 1, '8', '2023-01-31 10:07:44', NULL),
(249, 490, 14, 1, '11', '2023-01-31 10:08:40', NULL),
(250, 491, 14, 1, '11', '2023-01-31 10:09:33', NULL),
(251, 492, 14, 1, '11', '2023-01-31 10:10:12', NULL),
(252, 493, 14, 1, '11', '2023-01-31 10:10:52', NULL),
(253, 494, 14, 1, '11', '2023-01-31 10:11:43', NULL),
(254, 516, 15, 1, '5', '2023-02-03 17:04:40', NULL),
(255, 517, 15, 1, '6', '2023-02-03 17:05:27', NULL),
(256, 518, 15, 1, '7', '2023-02-03 17:06:28', NULL),
(257, 519, 15, 1, '8', '2023-02-03 17:07:34', NULL),
(258, 520, 15, 1, '10', '2023-02-03 17:08:23', NULL),
(259, 521, 15, 1, '12', '2023-02-03 17:09:23', NULL),
(260, 522, 15, 1, '13', '2023-02-03 17:11:31', NULL),
(261, 523, 15, 1, '16', '2023-02-03 17:13:58', NULL),
(262, 524, 15, 1, '17', '2023-02-03 17:14:52', NULL),
(263, 525, 15, 1, '18', '2023-02-03 17:17:03', NULL),
(264, 526, 15, 1, '11', '2023-02-03 17:18:07', NULL),
(265, 527, 15, 1, '11', '2023-02-03 17:19:12', NULL),
(266, 528, 15, 1, '11', '2023-02-03 17:19:51', NULL),
(267, 529, 15, 1, '11', '2023-02-03 17:20:47', NULL),
(268, 544, 4, 1, '5', '2023-02-03 17:36:35', NULL),
(269, 545, 4, 1, '6', '2023-02-03 17:37:02', NULL),
(270, 546, 4, 1, '7', '2023-02-03 17:37:36', NULL),
(271, 547, 4, 1, '10', '2023-02-03 17:40:34', NULL),
(272, 548, 4, 1, '11', '2023-02-03 17:41:19', NULL),
(273, 549, 4, 1, '11', '2023-02-03 17:41:46', NULL),
(274, 550, 4, 1, '11', '2023-02-03 17:42:26', NULL),
(275, 574, 10, 1, '5', '2023-02-03 17:59:06', NULL),
(276, 575, 10, 1, '6', '2023-02-03 17:59:32', NULL),
(277, 576, 10, 1, '7', '2023-02-03 18:00:01', NULL),
(278, 577, 10, 1, '10', '2023-02-03 18:00:27', NULL),
(279, 578, 10, 1, '11', '2023-02-03 18:02:45', NULL),
(280, 579, 10, 1, '11', '2023-02-03 18:03:12', NULL),
(281, 580, 10, 1, '11', '2023-02-03 18:03:40', NULL),
(282, 581, 10, 1, '11', '2023-02-03 18:04:06', NULL),
(283, 582, 10, 1, '11', '2023-02-03 18:04:35', NULL),
(284, 602, 7, 1, '5', '2023-02-03 18:19:02', NULL),
(285, 603, 7, 1, '6', '2023-02-03 18:19:40', NULL),
(286, 604, 7, 1, '7', '2023-02-03 18:20:07', NULL),
(287, 605, 7, 1, '8', '2023-02-03 18:21:07', NULL),
(288, 606, 7, 1, '10', '2023-02-03 18:21:33', NULL),
(289, 607, 7, 1, '11', '2023-02-03 18:22:32', NULL),
(290, 608, 7, 1, '11', '2023-02-03 18:23:06', NULL),
(291, 609, 7, 1, '11', '2023-02-03 18:23:44', NULL),
(292, 610, 7, 1, '11', '2023-02-03 18:24:11', NULL),
(293, 611, 7, 1, '11', '2023-02-03 18:24:41', NULL),
(294, 628, 8, 1, '6', '2023-02-05 09:19:01', NULL),
(295, 629, 8, 1, '11', '2023-02-05 09:54:07', NULL),
(296, 630, 8, 1, '11', '2023-02-05 09:55:20', NULL),
(297, 631, 8, 1, '11', '2023-02-05 09:55:59', NULL),
(298, 632, 8, 1, '11', '2023-02-05 09:56:36', NULL),
(299, 633, 8, 1, '11', '2023-02-05 09:57:11', NULL),
(300, 654, 8, 1, '16', '2023-02-05 10:12:03', NULL),
(301, 655, 8, 1, '17', '2023-02-05 10:12:39', NULL),
(302, 656, 8, 1, '12', '2023-02-05 10:13:12', NULL),
(303, 657, 8, 1, '13', '2023-02-05 10:13:50', NULL),
(304, 658, 8, 1, '7', '2023-02-05 10:15:34', NULL),
(305, 659, 8, 1, '8', '2023-02-05 10:16:17', NULL),
(306, 660, 8, 1, '9', '2023-02-05 10:17:01', NULL),
(307, 661, 6, 1, '5', '2023-02-11 10:03:07', NULL),
(308, 662, 6, 1, '6', '2023-02-11 10:04:27', NULL),
(309, 663, 6, 1, '7', '2023-02-11 10:05:08', NULL),
(310, 664, 6, 1, '10', '2023-02-11 10:07:08', NULL),
(311, 665, 6, 1, '12', '2023-02-11 10:09:42', NULL),
(312, 666, 6, 1, '13', '2023-02-11 10:10:27', NULL),
(313, 667, 6, 1, '16', '2023-02-11 10:11:09', NULL),
(314, 668, 6, 1, '17', '2023-02-11 10:11:52', NULL),
(315, 689, 6, 1, '8', '2023-02-11 11:03:08', NULL),
(316, 690, 3, 1, '5', '2023-02-11 14:43:48', NULL),
(317, 691, 3, 1, '6', '2023-02-11 14:44:15', NULL),
(318, 692, 3, 1, '7', '2023-02-11 14:44:48', NULL),
(319, 693, 3, 1, '10', '2023-02-11 14:45:32', NULL),
(320, 695, 3, 1, '11', '2023-02-11 14:48:58', NULL),
(321, 696, 3, 1, '11', '2023-02-11 14:49:24', NULL),
(322, 697, 3, 1, '11', '2023-02-11 14:50:01', NULL),
(323, 698, 3, 1, '11', '2023-02-11 14:52:05', NULL),
(324, 699, 3, 1, '11', '2023-02-11 14:52:30', NULL),
(325, 700, 3, 1, '8', '2023-02-11 14:53:01', NULL),
(326, 725, 3, 1, '16', '2023-02-11 16:45:11', NULL),
(327, 726, 3, 1, '17', '2023-02-11 16:45:51', NULL),
(328, 727, 3, 1, '15', '2023-02-11 16:52:47', NULL),
(329, 728, 3, 1, '12', '2023-02-11 16:53:26', NULL),
(330, 729, 3, 1, '13', '2023-02-11 16:54:06', NULL),
(331, 730, 3, 1, '14', '2023-02-11 17:06:41', NULL),
(332, 731, 21, 1, '15', '2023-02-16 12:22:24', NULL),
(333, 733, 6, 1, '11', '2023-02-17 11:43:21', NULL),
(334, 734, 6, 1, '11', '2023-02-17 11:43:56', NULL),
(335, 735, 6, 1, '11', '2023-02-17 11:44:30', NULL),
(336, 736, 6, 1, '11', '2023-02-17 11:45:06', NULL),
(337, 737, 6, 1, '11', '2023-02-17 11:45:42', NULL);

-- --------------------------------------------------------

--
-- Table structure for table `migrations`
--

CREATE TABLE `migrations` (
  `id` int(10) UNSIGNED NOT NULL,
  `migration` varchar(255) COLLATE utf8mb4_unicode_ci NOT NULL,
  `batch` int(11) NOT NULL
) ENGINE=InnoDB DEFAULT CHARSET=utf8mb4 COLLATE=utf8mb4_unicode_ci;

--
-- Dumping data for table `migrations`
--

INSERT INTO `migrations` (`id`, `migration`, `batch`) VALUES
(1, '2014_10_12_000000_create_users_table', 1),
(2, '2014_10_12_100000_create_password_resets_table', 1),
(3, '2019_08_19_000000_create_failed_jobs_table', 1),
(4, '2019_12_14_000001_create_personal_access_tokens_table', 1),
(5, '2023_01_08_144816_create_permission_tables', 1),
(6, '2023_01_09_162813_create_leaders_table', 1),
(7, '2023_01_09_162903_create_areas_table', 1),
(8, '2023_01_09_163156_create_posts_table', 1),
(9, '2023_01_11_152346_create_regions_table', 1),
(10, '2023_01_11_152427_create_districts_table', 1),
(11, '2023_01_11_152626_create_councils_table', 1),
(12, '2023_01_11_152711_create_divisions_table', 1),
(13, '2023_01_11_152817_create_wards_table', 1),
(14, '2023_01_12_112128_create_branches_table', 1),
(15, '2023_01_12_183158_create_states_table', 1),
(16, '2023_01_13_122133_create_leader_ward_table', 1),
(17, '2023_01_14_050658_create_branch_leader_table', 1),
(18, '2023_01_15_121135_create_division_leader_table', 1),
(19, '2023_01_15_124756_create_council_leader_table', 1),
(20, '2023_01_15_144411_create_district_leader_table', 1),
(21, '2023_01_15_163322_create_leader_region_table', 1),
(22, '2023_01_16_072105_create_leader_state_table', 1),
(23, '2023_01_16_110010_create_groups_table', 1),
(24, '2023_01_16_112154_create_group_post_table', 1),
(25, '2023_01_18_125939_create_leader_post_table', 1),
(26, '2023_01_22_085538_create_sms_table', 1),
(27, '2023_01_25_154706_create_leader_sms_table', 1),
(28, '2023_02_09_172835_create_challenges_table', 2),
(29, '2023_02_10_153302_create_assets_table', 2);

-- --------------------------------------------------------

--
-- Table structure for table `model_has_permissions`
--

CREATE TABLE `model_has_permissions` (
  `permission_id` bigint(20) UNSIGNED NOT NULL,
  `model_type` varchar(255) COLLATE utf8mb4_unicode_ci NOT NULL,
  `model_id` bigint(20) UNSIGNED NOT NULL
) ENGINE=InnoDB DEFAULT CHARSET=utf8mb4 COLLATE=utf8mb4_unicode_ci;

-- --------------------------------------------------------

--
-- Table structure for table `model_has_roles`
--

CREATE TABLE `model_has_roles` (
  `role_id` bigint(20) UNSIGNED NOT NULL,
  `model_type` varchar(255) COLLATE utf8mb4_unicode_ci NOT NULL,
  `model_id` bigint(20) UNSIGNED NOT NULL
) ENGINE=InnoDB DEFAULT CHARSET=utf8mb4 COLLATE=utf8mb4_unicode_ci;

--
-- Dumping data for table `model_has_roles`
--

INSERT INTO `model_has_roles` (`role_id`, `model_type`, `model_id`) VALUES
(1, 'App\\Models\\User', 1);

-- --------------------------------------------------------

--
-- Table structure for table `password_resets`
--

CREATE TABLE `password_resets` (
  `email` varchar(255) COLLATE utf8mb4_unicode_ci NOT NULL,
  `token` varchar(255) COLLATE utf8mb4_unicode_ci NOT NULL,
  `created_at` timestamp NULL DEFAULT NULL
) ENGINE=InnoDB DEFAULT CHARSET=utf8mb4 COLLATE=utf8mb4_unicode_ci;

-- --------------------------------------------------------

--
-- Table structure for table `permissions`
--

CREATE TABLE `permissions` (
  `id` bigint(20) UNSIGNED NOT NULL,
  `name` varchar(255) COLLATE utf8mb4_unicode_ci NOT NULL,
  `guard_name` varchar(255) COLLATE utf8mb4_unicode_ci NOT NULL,
  `created_at` timestamp NULL DEFAULT NULL,
  `updated_at` timestamp NULL DEFAULT NULL
) ENGINE=InnoDB DEFAULT CHARSET=utf8mb4 COLLATE=utf8mb4_unicode_ci;

--
-- Dumping data for table `permissions`
--

INSERT INTO `permissions` (`id`, `name`, `guard_name`, `created_at`, `updated_at`) VALUES
(1, 'index_users', 'web', '2023-01-27 09:58:01', '2023-01-27 09:58:01'),
(2, 'create_users', 'web', '2023-01-27 09:58:01', '2023-01-27 09:58:01'),
(3, 'show_users', 'web', '2023-01-27 09:58:01', '2023-01-27 09:58:01'),
(4, 'edit_users', 'web', '2023-01-27 09:58:01', '2023-01-27 09:58:01'),
(5, 'update_users', 'web', '2023-01-27 09:58:01', '2023-01-27 09:58:01'),
(6, 'destroy_users', 'web', '2023-01-27 09:58:01', '2023-01-27 09:58:01'),
(7, 'grob_users', 'web', '2023-01-27 09:58:01', '2023-01-27 09:58:01');

-- --------------------------------------------------------

--
-- Table structure for table `personal_access_tokens`
--

CREATE TABLE `personal_access_tokens` (
  `id` bigint(20) UNSIGNED NOT NULL,
  `tokenable_type` varchar(255) COLLATE utf8mb4_unicode_ci NOT NULL,
  `tokenable_id` bigint(20) UNSIGNED NOT NULL,
  `name` varchar(255) COLLATE utf8mb4_unicode_ci NOT NULL,
  `token` varchar(64) COLLATE utf8mb4_unicode_ci NOT NULL,
  `abilities` text COLLATE utf8mb4_unicode_ci DEFAULT NULL,
  `last_used_at` timestamp NULL DEFAULT NULL,
  `expires_at` timestamp NULL DEFAULT NULL,
  `created_at` timestamp NULL DEFAULT NULL,
  `updated_at` timestamp NULL DEFAULT NULL
) ENGINE=InnoDB DEFAULT CHARSET=utf8mb4 COLLATE=utf8mb4_unicode_ci;

-- --------------------------------------------------------

--
-- Table structure for table `posts`
--

CREATE TABLE `posts` (
  `id` bigint(20) UNSIGNED NOT NULL,
  `name` varchar(255) COLLATE utf8mb4_unicode_ci NOT NULL,
  `deep` varchar(255) COLLATE utf8mb4_unicode_ci NOT NULL,
  `area` varchar(255) COLLATE utf8mb4_unicode_ci NOT NULL,
  `created_at` timestamp NULL DEFAULT NULL,
  `updated_at` timestamp NULL DEFAULT NULL,
  `side` varchar(11) COLLATE utf8mb4_unicode_ci NOT NULL DEFAULT 'chama',
  `numberCount` int(11) NOT NULL DEFAULT 1
) ENGINE=InnoDB DEFAULT CHARSET=utf8mb4 COLLATE=utf8mb4_unicode_ci;

--
-- Dumping data for table `posts`
--

INSERT INTO `posts` (`id`, `name`, `deep`, `area`, `created_at`, `updated_at`, `side`, `numberCount`) VALUES
(1, 'Mwenyekiti CCM Tawi', 'mwenyekiti_tawi', 'tawi', '2023-01-27 09:58:02', '2023-01-31 12:09:40', 'chama', 1),
(2, 'Katibu CCM Tawi', 'katibu_tawi', 'tawi', '2023-01-27 09:58:02', '2023-01-31 12:09:19', 'chama', 1),
(3, 'Itikadi Na Uenezi CCM Tawi', 'mwenezi_tawi', 'tawi', '2023-01-27 09:58:02', '2023-01-31 12:08:53', 'chama', 1),
(4, 'Mjumbe Tawi Mkutano Mkuu Wilaya', 'mjumbe_tawi', 'tawi', '2023-01-27 09:58:02', '2023-02-18 12:06:32', 'chama', 1),
(5, 'Mwenyekiti CCM Kata', 'mwenyekiti_kata', 'kata', '2023-01-27 09:58:02', '2023-01-31 12:04:34', 'chama', 1),
(6, 'Katibu CCM Kata', 'katibu_kata', 'kata', '2023-01-27 09:58:02', '2023-01-31 12:03:55', 'chama', 1),
(7, 'Itikadi Na Uenezi CCM Kata', 'mwenezi_kata', 'kata', '2023-01-27 09:58:02', '2023-01-31 12:03:15', 'chama', 1),
(8, 'diwani', 'diwani', 'kata', '2023-01-27 09:58:02', '2023-01-27 09:58:02', 'chama', 1),
(9, 'diwani viti maalum', 'diwani_vm', 'kata', '2023-01-27 09:58:02', '2023-01-27 09:58:02', 'chama', 1),
(10, 'mjumbe kata mkutano mkuu mkoa', 'mj_mkutano_mkuu_M', 'kata', '2023-01-27 09:58:02', '2023-02-18 12:12:43', 'chama', 1),
(11, 'mjumbe wa kata mkutano mkuu wilaya', 'mj_mkutano_mkuu_W', 'kata', '2023-01-27 09:58:02', '2023-01-31 12:18:14', 'chama', 5),
(12, 'Mwenyekiti Umoja Wa Wazazi CCM Kata', 'm_kiti_wz_K', 'kata', '2023-01-27 09:58:02', '2023-01-31 12:02:12', 'chama', 1),
(13, 'Katibu Umoja Wa Wazazi CCM Kata', 'katibu_wz_K', 'kata', '2023-01-27 09:58:02', '2023-01-31 12:01:37', 'chama', 1),
(14, 'Mwenyekiti Umoja Wa Wanawake CCM Kata', 'm_kiti_wk_K', 'kata', '2023-01-27 09:58:02', '2023-01-31 12:00:27', 'chama', 1),
(15, 'Katibu Umoja Wa Wanawake CCM Kata', 'katibu_wk_K', 'kata', '2023-01-27 09:58:02', '2023-01-31 11:58:31', 'chama', 1),
(16, 'Mwenyekiti  Umoja Wa Vijana Wa CCM Kata', 'm_kiti_vj_K', 'kata', '2023-01-27 09:58:02', '2023-01-31 11:58:08', 'chama', 1),
(17, 'Katibu Umoja Wa Vijana Wa CCM  Kata', 'katibu_vj_K', 'kata', '2023-01-27 09:58:02', '2023-01-31 11:57:27', 'chama', 1),
(18, 'Hamasa Umoja Wa Vijana Wa CCM Kata', 'hamasa_vj_K', 'kata', '2023-01-27 09:58:02', '2023-01-31 11:56:55', 'chama', 1),
(19, 'afisa tarafa', 'af_tarafa', 'tarafa', '2023-01-27 09:58:02', '2023-01-27 09:58:02', 'chama', 1),
(20, 'mkulugenzi', 'mkulugenzi', 'halmashauri', '2023-01-27 09:58:02', '2023-01-27 09:58:02', 'chama', 1),
(21, 'mtendaji', 'mtendaji', 'halmashauri', '2023-01-27 09:58:02', '2023-01-27 09:58:02', 'chama', 1),
(22, 'Mwenyekiti Wa CCM Wilaya', 'mwenyekiti_wilaya', 'wilaya', '2023-01-27 09:58:02', '2023-01-31 11:54:37', 'chama', 1),
(23, 'Katibu CCM Wilaya', 'katibu_wilaya', 'wilaya', '2023-01-27 09:58:02', '2023-01-31 11:54:10', 'chama', 1),
(24, 'Itikadi Na Uenezi CCM Wilaya', 'mwenezi_wilaya', 'wilaya', '2023-01-27 09:58:02', '2023-01-31 11:53:41', 'chama', 1),
(25, 'mjumbe wa mkutano mkuu taifa', 'wj_mkt_kuu_taifa', 'wilaya', '2023-01-27 09:58:02', '2023-01-27 09:58:02', 'chama', 3),
(26, 'mkuu wa wilaya', 'mkuu_wilaya', 'wilaya', '2023-01-27 09:58:02', '2023-01-27 09:58:02', 'chama', 1),
(27, 'mbunge', 'mbunge', 'wilaya', '2023-01-27 09:58:02', '2023-01-27 09:58:02', 'chama', 1),
(28, 'Wenyekiti Umoja Wa Wazazi Wilaya', 'm_kiti_wz_W', 'wilaya', '2023-01-27 09:58:02', '2023-01-31 11:52:18', 'chama', 1),
(29, 'Katibu Umoja Wa Wazazi CCM Wilaya', 'katibu_wz_W', 'wilaya', '2023-01-27 09:58:02', '2023-01-31 11:49:55', 'chama', 1),
(30, 'Mwenyekiti Umoja Wa Wanawake CCM Wilaya', 'm_kiti_wk_W', 'wilaya', '2023-01-27 09:58:02', '2023-01-31 11:48:45', 'chama', 1),
(31, 'Katibu Umoja Wa Wanawake CCM Wilaya', 'katibu_wk_W', 'wilaya', '2023-01-27 09:58:02', '2023-01-31 11:48:19', 'chama', 1),
(32, 'Mwenyekiti  Umoja Wa Vijana Wa CCM Wilaya', 'm_kiti_vj_W', 'wilaya', '2023-01-27 09:58:02', '2023-01-31 11:47:45', 'chama', 1),
(33, 'Katibu Umoja Wa Vijana Wa CCM  Wilaya', 'katibu_vj_W', 'wilaya', '2023-01-27 09:58:02', '2023-01-31 11:47:24', 'chama', 1),
(34, 'Hamasa Umoja Wa Vijana Wa CCM Wilaya', 'hamasa_vj_W', 'wilaya', '2023-01-27 09:58:02', '2023-01-31 11:46:46', 'chama', 1),
(35, 'mjumbe wa kamati ya siasa', 'wj_kamat_siasa', 'wilaya', '2023-01-27 09:58:02', '2023-01-27 09:58:02', 'chama', 3),
(36, 'mjumbe wa halmashauri ya CCM wilaya', 'wj_h_kuu_wilaya', 'wilaya', '2023-01-27 09:58:02', '2023-01-27 09:58:02', 'chama', 13),
(37, 'Mwenyekiti Wa CCM Mkoa', 'mwenyekiti_mkoa', 'mkoa', '2023-01-27 09:58:02', '2023-01-31 11:44:28', 'chama', 1),
(38, 'Katibu Wa CCM Mkoa', 'katibu_mkoa', 'mkoa', '2023-01-27 09:58:02', '2023-01-31 11:43:58', 'chama', 1),
(39, 'katibu wa itikadi na uenezi mkoa', 'mwenezi_mkoa', 'mkoa', '2023-01-27 09:58:02', '2023-01-27 09:58:02', 'chama', 1),
(40, 'mjumbe wa halmashauri kuu taifa (MNEC)', 'wj_h_kuu_taifa_M', 'mkoa', '2023-01-27 09:58:02', '2023-01-27 09:58:02', 'chama', 1),
(41, 'mkuu wa mkoa', 'mkuu_mkoa', 'mkoa', '2023-01-27 09:58:02', '2023-01-27 09:58:02', 'chama', 1),
(42, 'Mwenyekiti Umoja Wa Wazazi CCM Mkoa', 'm_kiti_wz_M', 'mkoa', '2023-01-27 09:58:02', '2023-01-31 11:39:43', 'chama', 1),
(43, 'Katibu Umoja Wa Wazazi CCM Mkoa', 'katibu_wz_M', 'mkoa', '2023-01-27 09:58:02', '2023-01-31 11:39:04', 'chama', 1),
(44, 'Mwenyekiti Umoja Wa Wanawake CCM mkoa', 'm_kiti_wk_M', 'mkoa', '2023-01-27 09:58:02', '2023-01-31 11:38:00', 'chama', 1),
(45, 'Katibu Umoja Wa Wanawake CCM Mkoa', 'katibu_wk_M', 'mkoa', '2023-01-27 09:58:02', '2023-01-31 11:37:04', 'chama', 1),
(46, 'Mwenyekiti  Umoja Wa Vijana Wa CCM Mkoa', 'm_kiti_vj_M', 'mkoa', '2023-01-27 09:58:02', '2023-01-31 11:34:54', 'chama', 1),
(47, 'Katibu Umoja Wa Vijana Wa CCM  Mkoa', 'katibu_vj_M', 'mkoa', '2023-01-27 09:58:02', '2023-01-31 11:34:19', 'chama', 1),
(48, 'Hamasa Umoja Wa Vijana Wa CCM Mkoa', 'hamasa_vj_M', 'mkoa', '2023-01-27 09:58:02', '2023-01-31 11:34:07', 'chama', 1),
(49, 'Mjumbe Wa Kamati Ya Siasa Mkoa', 'wj_kamat_siasa_M', 'mkoa', '2023-01-27 09:58:02', '2023-01-31 11:32:02', 'chama', 3),
(50, 'mjumbe wa halmashauri ya CCM wilaya', 'wj_h_kuu_M', 'mkoa', '2023-01-27 09:58:02', '2023-01-27 09:58:02', 'chama', 13),
(51, 'mbunge', 'mbunge', 'jimbo', '2023-01-27 09:58:02', '2023-01-27 09:58:02', 'chama', 1),
(52, 'catholic padri kata', 'catholic pastor_ps', 'kata', '2023-02-18 13:53:52', '2023-02-18 14:25:38', 'chama', 3),
(53, 'catholic padri wilaya', 'catholic pastor wilaya_ps', 'wilaya', '2023-02-18 13:55:39', '2023-02-18 14:24:44', 'chama', 3),
(54, 'catholic padri mkoa', 'catholic pastor mkoa_ps', 'mkoa', '2023-02-18 13:55:54', '2023-02-18 14:24:13', 'chama', 3),
(55, 'AIC pastor kata', 'AIC pastor kata_ps', 'kata', '2023-02-18 13:56:43', '2023-02-18 13:56:43', 'chama', 3),
(56, 'AIC pastor wilaya', 'AIC pastor wilaya_ps', 'wilaya', '2023-02-18 13:57:11', '2023-02-18 13:57:11', 'chama', 3),
(57, 'AIC pastor mkoa', 'AIC pastor mkoa_ps', 'mkoa', '2023-02-18 13:57:32', '2023-02-18 13:57:32', 'chama', 3),
(58, 'anglican pastor kata', 'anglican pastor kata_ps', 'kata', '2023-02-18 13:58:11', '2023-02-18 13:58:11', 'chama', 3),
(59, 'anglican pastor wilaya', 'anglican pastor wilaya_ps', 'wilaya', '2023-02-18 13:58:28', '2023-02-18 13:58:28', 'chama', 3),
(60, 'anglican pastor mkoa', 'anglican pastor mkoa_ps', 'mkoa', '2023-02-18 13:58:45', '2023-02-18 13:58:45', 'chama', 3),
(61, 'sabath pastor kata', 'sabath pastor kata_ps', 'kata', '2023-02-18 13:59:19', '2023-02-18 13:59:19', 'chama', 3),
(62, 'sabath pastor wilaya', 'sabath pastor wilaya_ps', 'wilaya', '2023-02-18 13:59:34', '2023-02-18 13:59:34', 'chama', 3),
(63, 'sabath pastor mkoa', 'sabath pastor mkoa_ps', 'mkoa', '2023-02-18 13:59:49', '2023-02-18 13:59:49', 'chama', 3),
(64, 'KKKT pastor kata', 'KKKT pastor kata_ps', 'kata', '2023-02-18 14:00:29', '2023-02-18 14:00:29', 'chama', 3),
(65, 'KKKT pastor wilaya', 'KKKT pastor wilaya_ps', 'wilaya', '2023-02-18 14:01:05', '2023-02-18 14:01:05', 'chama', 3),
(66, 'KKKT pastor mkoa', 'KKKT pastor mkoa_ps', 'mkoa', '2023-02-18 14:01:19', '2023-02-18 14:01:19', 'chama', 3),
(67, 'Muslim shekh kata', 'Muslim shesk kata_ps', 'kata', '2023-02-18 14:01:57', '2023-02-18 14:02:24', 'chama', 3),
(68, 'Muslim shekh wilaya', 'Muslim shekh wilaya_ps', 'wilaya', '2023-02-18 14:02:46', '2023-02-18 14:02:46', 'chama', 3),
(69, 'Muslim shekh mkoa', 'Muslim shekh mkoa_ps', 'mkoa', '2023-02-18 14:03:01', '2023-02-18 14:03:01', 'chama', 3);

-- --------------------------------------------------------

--
-- Table structure for table `regions`
--

CREATE TABLE `regions` (
  `id` bigint(20) UNSIGNED NOT NULL,
  `name` varchar(255) COLLATE utf8mb4_unicode_ci NOT NULL,
  `created_at` timestamp NULL DEFAULT NULL,
  `updated_at` timestamp NULL DEFAULT NULL
) ENGINE=InnoDB DEFAULT CHARSET=utf8mb4 COLLATE=utf8mb4_unicode_ci;

--
-- Dumping data for table `regions`
--

INSERT INTO `regions` (`id`, `name`, `created_at`, `updated_at`) VALUES
(1, 'simiyu', '2023-01-27 09:58:02', '2023-01-27 09:58:02');

-- --------------------------------------------------------

--
-- Table structure for table `roles`
--

CREATE TABLE `roles` (
  `id` bigint(20) UNSIGNED NOT NULL,
  `name` varchar(255) COLLATE utf8mb4_unicode_ci NOT NULL,
  `guard_name` varchar(255) COLLATE utf8mb4_unicode_ci NOT NULL,
  `created_at` timestamp NULL DEFAULT NULL,
  `updated_at` timestamp NULL DEFAULT NULL
) ENGINE=InnoDB DEFAULT CHARSET=utf8mb4 COLLATE=utf8mb4_unicode_ci;

--
-- Dumping data for table `roles`
--

INSERT INTO `roles` (`id`, `name`, `guard_name`, `created_at`, `updated_at`) VALUES
(1, 'super', 'web', '2023-01-27 09:58:01', '2023-01-27 09:58:01'),
(2, 'mbunge', 'web', '2023-01-27 09:58:01', '2023-01-27 09:58:01');

-- --------------------------------------------------------

--
-- Table structure for table `role_has_permissions`
--

CREATE TABLE `role_has_permissions` (
  `permission_id` bigint(20) UNSIGNED NOT NULL,
  `role_id` bigint(20) UNSIGNED NOT NULL
) ENGINE=InnoDB DEFAULT CHARSET=utf8mb4 COLLATE=utf8mb4_unicode_ci;

--
-- Dumping data for table `role_has_permissions`
--

INSERT INTO `role_has_permissions` (`permission_id`, `role_id`) VALUES
(1, 1),
(1, 2),
(2, 1),
(3, 1),
(4, 1),
(5, 1),
(6, 1),
(7, 1);

-- --------------------------------------------------------

--
-- Table structure for table `sms`
--

CREATE TABLE `sms` (
  `id` bigint(20) UNSIGNED NOT NULL,
  `request_id` varchar(255) COLLATE utf8mb4_unicode_ci NOT NULL,
  `message` varchar(255) COLLATE utf8mb4_unicode_ci NOT NULL,
  `sms_amount` varchar(255) COLLATE utf8mb4_unicode_ci NOT NULL,
  `created_at` timestamp NULL DEFAULT NULL,
  `updated_at` timestamp NULL DEFAULT NULL
) ENGINE=InnoDB DEFAULT CHARSET=utf8mb4 COLLATE=utf8mb4_unicode_ci;

-- --------------------------------------------------------

--
-- Table structure for table `states`
--

CREATE TABLE `states` (
  `id` bigint(20) UNSIGNED NOT NULL,
  `name` varchar(255) COLLATE utf8mb4_unicode_ci NOT NULL,
  `district_id` bigint(20) UNSIGNED NOT NULL,
  `created_at` timestamp NULL DEFAULT NULL,
  `updated_at` timestamp NULL DEFAULT NULL
) ENGINE=InnoDB DEFAULT CHARSET=utf8mb4 COLLATE=utf8mb4_unicode_ci;

--
-- Dumping data for table `states`
--

INSERT INTO `states` (`id`, `name`, `district_id`, `created_at`, `updated_at`) VALUES
(1, 'bariadi', 1, '2023-02-11 14:43:27', '2023-02-11 14:43:27');

-- --------------------------------------------------------

--
-- Table structure for table `users`
--

CREATE TABLE `users` (
  `id` bigint(20) UNSIGNED NOT NULL,
  `name` varchar(255) COLLATE utf8mb4_unicode_ci NOT NULL,
  `email` varchar(255) COLLATE utf8mb4_unicode_ci NOT NULL,
  `email_verified_at` timestamp NULL DEFAULT NULL,
  `password` varchar(255) COLLATE utf8mb4_unicode_ci NOT NULL,
  `remember_token` varchar(100) COLLATE utf8mb4_unicode_ci DEFAULT NULL,
  `created_at` timestamp NULL DEFAULT NULL,
  `updated_at` timestamp NULL DEFAULT NULL,
  `leader_id` bigint(20) UNSIGNED NOT NULL
) ENGINE=InnoDB DEFAULT CHARSET=utf8mb4 COLLATE=utf8mb4_unicode_ci;

--
-- Dumping data for table `users`
--

INSERT INTO `users` (`id`, `name`, `email`, `email_verified_at`, `password`, `remember_token`, `created_at`, `updated_at`, `leader_id`) VALUES
(1, 'Eng: Nkundo', 'owner@gmail.com', NULL, '$2y$10$Y84Rk4hthi97ihAhZdAtYO3moi2NssLA5rB38PIn6P/UrYc2qp7Wi', NULL, '2023-01-27 09:58:02', '2023-02-03 17:02:14', 0);

-- --------------------------------------------------------

--
-- Table structure for table `wards`
--

CREATE TABLE `wards` (
  `id` bigint(20) UNSIGNED NOT NULL,
  `name` varchar(255) COLLATE utf8mb4_unicode_ci NOT NULL,
  `division_id` bigint(20) UNSIGNED NOT NULL,
  `created_at` timestamp NULL DEFAULT NULL,
  `updated_at` timestamp NULL DEFAULT NULL
) ENGINE=InnoDB DEFAULT CHARSET=utf8mb4 COLLATE=utf8mb4_unicode_ci;

--
-- Dumping data for table `wards`
--

INSERT INTO `wards` (`id`, `name`, `division_id`, `created_at`, `updated_at`) VALUES
(1, 'Malambo', 1, '2023-01-27 10:42:52', '2023-01-27 10:42:52'),
(2, 'Bariadi', 1, '2023-01-27 10:44:24', '2023-01-27 10:44:24'),
(3, 'Nyangololwa', 1, '2023-01-27 15:10:27', '2023-01-27 15:10:27'),
(4, 'Bunamhala', 1, '2023-01-27 15:10:59', '2023-01-27 15:10:59'),
(5, 'Nyakabindi', 1, '2023-01-27 15:11:15', '2023-01-27 15:11:15'),
(6, 'guduwi', 1, '2023-01-27 15:11:25', '2023-01-27 15:11:25'),
(7, 'isanga', 1, '2023-01-27 15:11:34', '2023-01-27 15:11:34'),
(8, 'Somanda', 1, '2023-01-27 15:11:59', '2023-01-27 15:11:59'),
(9, 'Sima', 1, '2023-01-27 15:12:18', '2023-01-27 15:12:18'),
(10, 'Dutwa', 2, '2023-01-27 21:14:54', '2023-01-27 21:14:54'),
(11, 'Masewa', 2, '2023-01-27 21:18:12', '2023-01-27 21:18:12'),
(12, 'Gilya', 2, '2023-01-27 21:19:41', '2023-01-27 21:19:41'),
(13, 'Ikungulyabashashi', 2, '2023-01-27 21:22:47', '2023-01-27 21:22:47'),
(14, 'Sapiwi', 2, '2023-01-27 21:24:23', '2023-01-27 21:24:23'),
(15, 'Matongo', 2, '2023-01-27 21:28:09', '2023-01-27 21:28:09'),
(16, 'Nkololo', 3, '2023-01-27 21:31:20', '2023-01-27 21:31:20'),
(17, 'Mwaumatondo', 3, '2023-01-27 21:33:38', '2023-01-27 21:33:38'),
(18, 'Ihusi', 3, '2023-01-27 21:35:00', '2023-01-27 21:35:00'),
(19, 'Gibishi', 3, '2023-01-27 21:37:14', '2023-01-27 21:37:14'),
(20, 'Nkindwabiye', 3, '2023-01-27 21:38:49', '2023-01-27 21:38:49'),
(21, 'Mwaubingi', 3, '2023-01-28 07:21:10', '2023-01-28 07:21:10'),
(22, 'Bahemhi', 3, '2023-01-28 07:22:24', '2023-01-28 07:22:24'),
(23, 'Mwadobana', 3, '2023-01-28 07:25:03', '2023-01-28 07:25:03'),
(24, 'Ngulyati', 4, '2023-01-28 07:27:56', '2023-01-28 07:27:56'),
(25, 'Kilalo', 4, '2023-01-28 07:29:21', '2023-01-28 07:29:21'),
(26, 'Sakwe', 4, '2023-01-28 07:31:50', '2023-01-28 07:31:50'),
(27, 'Kasoli', 4, '2023-01-28 07:33:21', '2023-01-28 07:33:21'),
(28, 'Mwasubuya', 4, '2023-01-28 07:34:28', '2023-01-28 07:34:28'),
(29, 'Gambosi', 4, '2023-01-28 07:34:57', '2023-01-28 07:34:57'),
(30, 'Itubukilo', 4, '2023-01-28 07:35:16', '2023-01-28 07:35:16'),
(31, 'Mhango', 4, '2023-01-28 07:38:16', '2023-01-28 07:38:16');

--
-- Indexes for dumped tables
--

--
-- Indexes for table `areas`
--
ALTER TABLE `areas`
  ADD PRIMARY KEY (`id`);

--
-- Indexes for table `assets`
--
ALTER TABLE `assets`
  ADD PRIMARY KEY (`id`),
  ADD KEY `assets_challenge_id_foreign` (`challenge_id`),
  ADD KEY `assets_user_id_foreign` (`user_id`);

--
-- Indexes for table `branches`
--
ALTER TABLE `branches`
  ADD PRIMARY KEY (`id`),
  ADD KEY `branches_ward_id_foreign` (`ward_id`);

--
-- Indexes for table `branch_leader`
--
ALTER TABLE `branch_leader`
  ADD PRIMARY KEY (`id`),
  ADD KEY `branch_leader_leader_id_foreign` (`leader_id`),
  ADD KEY `branch_leader_branch_id_foreign` (`branch_id`);

--
-- Indexes for table `challenges`
--
ALTER TABLE `challenges`
  ADD PRIMARY KEY (`id`),
  ADD KEY `challenges_state_id_foreign` (`state_id`),
  ADD KEY `challenges_leader_id_foreign` (`leader_id`);

--
-- Indexes for table `councils`
--
ALTER TABLE `councils`
  ADD PRIMARY KEY (`id`),
  ADD KEY `councils_district_id_foreign` (`district_id`);

--
-- Indexes for table `council_leader`
--
ALTER TABLE `council_leader`
  ADD PRIMARY KEY (`id`),
  ADD KEY `council_leader_leader_id_foreign` (`leader_id`),
  ADD KEY `council_leader_council_id_foreign` (`council_id`);

--
-- Indexes for table `districts`
--
ALTER TABLE `districts`
  ADD PRIMARY KEY (`id`),
  ADD KEY `districts_region_id_foreign` (`region_id`);

--
-- Indexes for table `district_leader`
--
ALTER TABLE `district_leader`
  ADD PRIMARY KEY (`id`),
  ADD KEY `district_leader_leader_id_foreign` (`leader_id`),
  ADD KEY `district_leader_district_id_foreign` (`district_id`);

--
-- Indexes for table `divisions`
--
ALTER TABLE `divisions`
  ADD PRIMARY KEY (`id`),
  ADD KEY `divisions_council_id_foreign` (`council_id`);

--
-- Indexes for table `division_leader`
--
ALTER TABLE `division_leader`
  ADD PRIMARY KEY (`id`),
  ADD KEY `division_leader_leader_id_foreign` (`leader_id`),
  ADD KEY `division_leader_division_id_foreign` (`division_id`);

--
-- Indexes for table `failed_jobs`
--
ALTER TABLE `failed_jobs`
  ADD PRIMARY KEY (`id`),
  ADD UNIQUE KEY `failed_jobs_uuid_unique` (`uuid`);

--
-- Indexes for table `groups`
--
ALTER TABLE `groups`
  ADD PRIMARY KEY (`id`);

--
-- Indexes for table `group_post`
--
ALTER TABLE `group_post`
  ADD PRIMARY KEY (`id`),
  ADD KEY `group_post_group_id_foreign` (`group_id`),
  ADD KEY `group_post_post_id_foreign` (`post_id`);

--
-- Indexes for table `leaders`
--
ALTER TABLE `leaders`
  ADD PRIMARY KEY (`id`);

--
-- Indexes for table `leader_post`
--
ALTER TABLE `leader_post`
  ADD PRIMARY KEY (`id`),
  ADD KEY `leader_post_leader_id_foreign` (`leader_id`),
  ADD KEY `leader_post_post_id_foreign` (`post_id`);

--
-- Indexes for table `leader_region`
--
ALTER TABLE `leader_region`
  ADD PRIMARY KEY (`id`),
  ADD KEY `leader_region_leader_id_foreign` (`leader_id`),
  ADD KEY `leader_region_region_id_foreign` (`region_id`);

--
-- Indexes for table `leader_sms`
--
ALTER TABLE `leader_sms`
  ADD PRIMARY KEY (`id`),
  ADD KEY `leader_sms_sms_id_index` (`sms_id`),
  ADD KEY `leader_sms_leader_id_index` (`leader_id`);

--
-- Indexes for table `leader_state`
--
ALTER TABLE `leader_state`
  ADD PRIMARY KEY (`id`),
  ADD KEY `leader_state_leader_id_foreign` (`leader_id`),
  ADD KEY `leader_state_state_id_foreign` (`state_id`);

--
-- Indexes for table `leader_ward`
--
ALTER TABLE `leader_ward`
  ADD PRIMARY KEY (`id`),
  ADD KEY `leader_ward_leader_id_foreign` (`leader_id`),
  ADD KEY `leader_ward_ward_id_foreign` (`ward_id`);

--
-- Indexes for table `migrations`
--
ALTER TABLE `migrations`
  ADD PRIMARY KEY (`id`);

--
-- Indexes for table `model_has_permissions`
--
ALTER TABLE `model_has_permissions`
  ADD PRIMARY KEY (`permission_id`,`model_id`,`model_type`),
  ADD KEY `model_has_permissions_model_id_model_type_index` (`model_id`,`model_type`);

--
-- Indexes for table `model_has_roles`
--
ALTER TABLE `model_has_roles`
  ADD PRIMARY KEY (`role_id`,`model_id`,`model_type`),
  ADD KEY `model_has_roles_model_id_model_type_index` (`model_id`,`model_type`);

--
-- Indexes for table `password_resets`
--
ALTER TABLE `password_resets`
  ADD PRIMARY KEY (`email`);

--
-- Indexes for table `permissions`
--
ALTER TABLE `permissions`
  ADD PRIMARY KEY (`id`),
  ADD UNIQUE KEY `permissions_name_guard_name_unique` (`name`,`guard_name`);

--
-- Indexes for table `personal_access_tokens`
--
ALTER TABLE `personal_access_tokens`
  ADD PRIMARY KEY (`id`),
  ADD UNIQUE KEY `personal_access_tokens_token_unique` (`token`),
  ADD KEY `personal_access_tokens_tokenable_type_tokenable_id_index` (`tokenable_type`,`tokenable_id`);

--
-- Indexes for table `posts`
--
ALTER TABLE `posts`
  ADD PRIMARY KEY (`id`);

--
-- Indexes for table `regions`
--
ALTER TABLE `regions`
  ADD PRIMARY KEY (`id`);

--
-- Indexes for table `roles`
--
ALTER TABLE `roles`
  ADD PRIMARY KEY (`id`),
  ADD UNIQUE KEY `roles_name_guard_name_unique` (`name`,`guard_name`);

--
-- Indexes for table `role_has_permissions`
--
ALTER TABLE `role_has_permissions`
  ADD PRIMARY KEY (`permission_id`,`role_id`),
  ADD KEY `role_has_permissions_role_id_foreign` (`role_id`);

--
-- Indexes for table `sms`
--
ALTER TABLE `sms`
  ADD PRIMARY KEY (`id`);

--
-- Indexes for table `states`
--
ALTER TABLE `states`
  ADD PRIMARY KEY (`id`),
  ADD KEY `states_district_id_foreign` (`district_id`);

--
-- Indexes for table `users`
--
ALTER TABLE `users`
  ADD PRIMARY KEY (`id`),
  ADD UNIQUE KEY `users_email_unique` (`email`);

--
-- Indexes for table `wards`
--
ALTER TABLE `wards`
  ADD PRIMARY KEY (`id`),
  ADD KEY `wards_division_id_foreign` (`division_id`);

--
-- AUTO_INCREMENT for dumped tables
--

--
-- AUTO_INCREMENT for table `areas`
--
ALTER TABLE `areas`
  MODIFY `id` bigint(20) UNSIGNED NOT NULL AUTO_INCREMENT, AUTO_INCREMENT=8;

--
-- AUTO_INCREMENT for table `assets`
--
ALTER TABLE `assets`
  MODIFY `id` bigint(20) UNSIGNED NOT NULL AUTO_INCREMENT;

--
-- AUTO_INCREMENT for table `branches`
--
ALTER TABLE `branches`
  MODIFY `id` bigint(20) UNSIGNED NOT NULL AUTO_INCREMENT, AUTO_INCREMENT=133;

--
-- AUTO_INCREMENT for table `branch_leader`
--
ALTER TABLE `branch_leader`
  MODIFY `id` bigint(20) UNSIGNED NOT NULL AUTO_INCREMENT, AUTO_INCREMENT=398;

--
-- AUTO_INCREMENT for table `challenges`
--
ALTER TABLE `challenges`
  MODIFY `id` bigint(20) UNSIGNED NOT NULL AUTO_INCREMENT;

--
-- AUTO_INCREMENT for table `councils`
--
ALTER TABLE `councils`
  MODIFY `id` bigint(20) UNSIGNED NOT NULL AUTO_INCREMENT, AUTO_INCREMENT=3;

--
-- AUTO_INCREMENT for table `council_leader`
--
ALTER TABLE `council_leader`
  MODIFY `id` bigint(20) UNSIGNED NOT NULL AUTO_INCREMENT;

--
-- AUTO_INCREMENT for table `districts`
--
ALTER TABLE `districts`
  MODIFY `id` bigint(20) UNSIGNED NOT NULL AUTO_INCREMENT, AUTO_INCREMENT=2;

--
-- AUTO_INCREMENT for table `district_leader`
--
ALTER TABLE `district_leader`
  MODIFY `id` bigint(20) UNSIGNED NOT NULL AUTO_INCREMENT, AUTO_INCREMENT=2;

--
-- AUTO_INCREMENT for table `divisions`
--
ALTER TABLE `divisions`
  MODIFY `id` bigint(20) UNSIGNED NOT NULL AUTO_INCREMENT, AUTO_INCREMENT=5;

--
-- AUTO_INCREMENT for table `division_leader`
--
ALTER TABLE `division_leader`
  MODIFY `id` bigint(20) UNSIGNED NOT NULL AUTO_INCREMENT;

--
-- AUTO_INCREMENT for table `failed_jobs`
--
ALTER TABLE `failed_jobs`
  MODIFY `id` bigint(20) UNSIGNED NOT NULL AUTO_INCREMENT;

--
-- AUTO_INCREMENT for table `groups`
--
ALTER TABLE `groups`
  MODIFY `id` bigint(20) UNSIGNED NOT NULL AUTO_INCREMENT, AUTO_INCREMENT=18;

--
-- AUTO_INCREMENT for table `group_post`
--
ALTER TABLE `group_post`
  MODIFY `id` bigint(20) UNSIGNED NOT NULL AUTO_INCREMENT, AUTO_INCREMENT=111;

--
-- AUTO_INCREMENT for table `leaders`
--
ALTER TABLE `leaders`
  MODIFY `id` bigint(20) UNSIGNED NOT NULL AUTO_INCREMENT, AUTO_INCREMENT=738;

--
-- AUTO_INCREMENT for table `leader_post`
--
ALTER TABLE `leader_post`
  MODIFY `id` bigint(20) UNSIGNED NOT NULL AUTO_INCREMENT, AUTO_INCREMENT=738;

--
-- AUTO_INCREMENT for table `leader_region`
--
ALTER TABLE `leader_region`
  MODIFY `id` bigint(20) UNSIGNED NOT NULL AUTO_INCREMENT;

--
-- AUTO_INCREMENT for table `leader_sms`
--
ALTER TABLE `leader_sms`
  MODIFY `id` bigint(20) UNSIGNED NOT NULL AUTO_INCREMENT;

--
-- AUTO_INCREMENT for table `leader_state`
--
ALTER TABLE `leader_state`
  MODIFY `id` bigint(20) UNSIGNED NOT NULL AUTO_INCREMENT, AUTO_INCREMENT=3;

--
-- AUTO_INCREMENT for table `leader_ward`
--
ALTER TABLE `leader_ward`
  MODIFY `id` bigint(20) UNSIGNED NOT NULL AUTO_INCREMENT, AUTO_INCREMENT=338;

--
-- AUTO_INCREMENT for table `migrations`
--
ALTER TABLE `migrations`
  MODIFY `id` int(10) UNSIGNED NOT NULL AUTO_INCREMENT, AUTO_INCREMENT=30;

--
-- AUTO_INCREMENT for table `permissions`
--
ALTER TABLE `permissions`
  MODIFY `id` bigint(20) UNSIGNED NOT NULL AUTO_INCREMENT, AUTO_INCREMENT=8;

--
-- AUTO_INCREMENT for table `personal_access_tokens`
--
ALTER TABLE `personal_access_tokens`
  MODIFY `id` bigint(20) UNSIGNED NOT NULL AUTO_INCREMENT;

--
-- AUTO_INCREMENT for table `posts`
--
ALTER TABLE `posts`
  MODIFY `id` bigint(20) UNSIGNED NOT NULL AUTO_INCREMENT, AUTO_INCREMENT=70;

--
-- AUTO_INCREMENT for table `regions`
--
ALTER TABLE `regions`
  MODIFY `id` bigint(20) UNSIGNED NOT NULL AUTO_INCREMENT, AUTO_INCREMENT=2;

--
-- AUTO_INCREMENT for table `roles`
--
ALTER TABLE `roles`
  MODIFY `id` bigint(20) UNSIGNED NOT NULL AUTO_INCREMENT, AUTO_INCREMENT=3;

--
-- AUTO_INCREMENT for table `sms`
--
ALTER TABLE `sms`
  MODIFY `id` bigint(20) UNSIGNED NOT NULL AUTO_INCREMENT;

--
-- AUTO_INCREMENT for table `states`
--
ALTER TABLE `states`
  MODIFY `id` bigint(20) UNSIGNED NOT NULL AUTO_INCREMENT, AUTO_INCREMENT=3;

--
-- AUTO_INCREMENT for table `users`
--
ALTER TABLE `users`
  MODIFY `id` bigint(20) UNSIGNED NOT NULL AUTO_INCREMENT, AUTO_INCREMENT=2;

--
-- AUTO_INCREMENT for table `wards`
--
ALTER TABLE `wards`
  MODIFY `id` bigint(20) UNSIGNED NOT NULL AUTO_INCREMENT, AUTO_INCREMENT=32;

--
-- Constraints for dumped tables
--

--
-- Constraints for table `assets`
--
ALTER TABLE `assets`
  ADD CONSTRAINT `assets_challenge_id_foreign` FOREIGN KEY (`challenge_id`) REFERENCES `challenges` (`id`),
  ADD CONSTRAINT `assets_user_id_foreign` FOREIGN KEY (`user_id`) REFERENCES `users` (`id`);

--
-- Constraints for table `branches`
--
ALTER TABLE `branches`
  ADD CONSTRAINT `branches_ward_id_foreign` FOREIGN KEY (`ward_id`) REFERENCES `wards` (`id`);

--
-- Constraints for table `branch_leader`
--
ALTER TABLE `branch_leader`
  ADD CONSTRAINT `branch_leader_branch_id_foreign` FOREIGN KEY (`branch_id`) REFERENCES `branches` (`id`) ON DELETE CASCADE,
  ADD CONSTRAINT `branch_leader_leader_id_foreign` FOREIGN KEY (`leader_id`) REFERENCES `leaders` (`id`) ON DELETE CASCADE;

--
-- Constraints for table `challenges`
--
ALTER TABLE `challenges`
  ADD CONSTRAINT `challenges_leader_id_foreign` FOREIGN KEY (`leader_id`) REFERENCES `leaders` (`id`),
  ADD CONSTRAINT `challenges_state_id_foreign` FOREIGN KEY (`state_id`) REFERENCES `states` (`id`);

--
-- Constraints for table `councils`
--
ALTER TABLE `councils`
  ADD CONSTRAINT `councils_district_id_foreign` FOREIGN KEY (`district_id`) REFERENCES `districts` (`id`);

--
-- Constraints for table `council_leader`
--
ALTER TABLE `council_leader`
  ADD CONSTRAINT `council_leader_council_id_foreign` FOREIGN KEY (`council_id`) REFERENCES `councils` (`id`) ON DELETE CASCADE,
  ADD CONSTRAINT `council_leader_leader_id_foreign` FOREIGN KEY (`leader_id`) REFERENCES `leaders` (`id`) ON DELETE CASCADE;

--
-- Constraints for table `districts`
--
ALTER TABLE `districts`
  ADD CONSTRAINT `districts_region_id_foreign` FOREIGN KEY (`region_id`) REFERENCES `regions` (`id`);

--
-- Constraints for table `district_leader`
--
ALTER TABLE `district_leader`
  ADD CONSTRAINT `district_leader_district_id_foreign` FOREIGN KEY (`district_id`) REFERENCES `districts` (`id`) ON DELETE CASCADE,
  ADD CONSTRAINT `district_leader_leader_id_foreign` FOREIGN KEY (`leader_id`) REFERENCES `leaders` (`id`) ON DELETE CASCADE;

--
-- Constraints for table `divisions`
--
ALTER TABLE `divisions`
  ADD CONSTRAINT `divisions_council_id_foreign` FOREIGN KEY (`council_id`) REFERENCES `councils` (`id`);

--
-- Constraints for table `division_leader`
--
ALTER TABLE `division_leader`
  ADD CONSTRAINT `division_leader_division_id_foreign` FOREIGN KEY (`division_id`) REFERENCES `divisions` (`id`) ON DELETE CASCADE,
  ADD CONSTRAINT `division_leader_leader_id_foreign` FOREIGN KEY (`leader_id`) REFERENCES `leaders` (`id`) ON DELETE CASCADE;

--
-- Constraints for table `group_post`
--
ALTER TABLE `group_post`
  ADD CONSTRAINT `group_post_group_id_foreign` FOREIGN KEY (`group_id`) REFERENCES `groups` (`id`) ON DELETE CASCADE,
  ADD CONSTRAINT `group_post_post_id_foreign` FOREIGN KEY (`post_id`) REFERENCES `posts` (`id`) ON DELETE CASCADE;

--
-- Constraints for table `leader_post`
--
ALTER TABLE `leader_post`
  ADD CONSTRAINT `leader_post_leader_id_foreign` FOREIGN KEY (`leader_id`) REFERENCES `leaders` (`id`) ON DELETE CASCADE,
  ADD CONSTRAINT `leader_post_post_id_foreign` FOREIGN KEY (`post_id`) REFERENCES `posts` (`id`) ON DELETE CASCADE;

--
-- Constraints for table `leader_region`
--
ALTER TABLE `leader_region`
  ADD CONSTRAINT `leader_region_leader_id_foreign` FOREIGN KEY (`leader_id`) REFERENCES `leaders` (`id`) ON DELETE CASCADE,
  ADD CONSTRAINT `leader_region_region_id_foreign` FOREIGN KEY (`region_id`) REFERENCES `regions` (`id`) ON DELETE CASCADE;

--
-- Constraints for table `leader_sms`
--
ALTER TABLE `leader_sms`
  ADD CONSTRAINT `leader_sms_leader_id_foreign` FOREIGN KEY (`leader_id`) REFERENCES `leaders` (`id`),
  ADD CONSTRAINT `leader_sms_sms_id_foreign` FOREIGN KEY (`sms_id`) REFERENCES `sms` (`id`);

--
-- Constraints for table `leader_state`
--
ALTER TABLE `leader_state`
  ADD CONSTRAINT `leader_state_leader_id_foreign` FOREIGN KEY (`leader_id`) REFERENCES `leaders` (`id`) ON DELETE CASCADE,
  ADD CONSTRAINT `leader_state_state_id_foreign` FOREIGN KEY (`state_id`) REFERENCES `states` (`id`) ON DELETE CASCADE;

--
-- Constraints for table `leader_ward`
--
ALTER TABLE `leader_ward`
  ADD CONSTRAINT `leader_ward_leader_id_foreign` FOREIGN KEY (`leader_id`) REFERENCES `leaders` (`id`) ON DELETE CASCADE,
  ADD CONSTRAINT `leader_ward_ward_id_foreign` FOREIGN KEY (`ward_id`) REFERENCES `wards` (`id`) ON DELETE CASCADE;

--
-- Constraints for table `model_has_permissions`
--
ALTER TABLE `model_has_permissions`
  ADD CONSTRAINT `model_has_permissions_permission_id_foreign` FOREIGN KEY (`permission_id`) REFERENCES `permissions` (`id`) ON DELETE CASCADE;

--
-- Constraints for table `model_has_roles`
--
ALTER TABLE `model_has_roles`
  ADD CONSTRAINT `model_has_roles_role_id_foreign` FOREIGN KEY (`role_id`) REFERENCES `roles` (`id`) ON DELETE CASCADE;

--
-- Constraints for table `role_has_permissions`
--
ALTER TABLE `role_has_permissions`
  ADD CONSTRAINT `role_has_permissions_permission_id_foreign` FOREIGN KEY (`permission_id`) REFERENCES `permissions` (`id`) ON DELETE CASCADE,
  ADD CONSTRAINT `role_has_permissions_role_id_foreign` FOREIGN KEY (`role_id`) REFERENCES `roles` (`id`) ON DELETE CASCADE;

--
-- Constraints for table `states`
--
ALTER TABLE `states`
  ADD CONSTRAINT `states_district_id_foreign` FOREIGN KEY (`district_id`) REFERENCES `districts` (`id`);

--
-- Constraints for table `wards`
--
ALTER TABLE `wards`
  ADD CONSTRAINT `wards_division_id_foreign` FOREIGN KEY (`division_id`) REFERENCES `divisions` (`id`);
COMMIT;

/*!40101 SET CHARACTER_SET_CLIENT=@OLD_CHARACTER_SET_CLIENT */;
/*!40101 SET CHARACTER_SET_RESULTS=@OLD_CHARACTER_SET_RESULTS */;
/*!40101 SET COLLATION_CONNECTION=@OLD_COLLATION_CONNECTION */;
